B01003_001E,B19013_001E,B18101_001E,B25064_001E,B01002_001E,B02001_002E,state,county,tract
1971,17778,1971,494,39.5,354,36,005,015900
4812,31225,4400,1374,30.4,599,36,005,017701
5786,33426,5786,1137,32.2,664,36,005,017702
5006,37127,5006,1219,29.9,618,36,005,017901
3701,23276,3701,1182,32.6,485,36,005,017902
3107,23750,3107,1158,29.5,157,36,005,018101
5791,33273,5549,1189,31.6,836,36,005,018102
4022,31638,4022,1184,43.5,394,36,005,018301
3814,37139,3814,1249,34.5,402,36,005,018302
8625,27324,8617,1028,32.3,756,36,005,018500
5348,21893,5348,503,26.6,493,36,005,014702
2586,70917,2586,1451,40.7,1217,36,005,015200
4180,23191,4128,1197,44.1,967,36,005,023502
6636,28209,6636,1193,31.3,593,36,005,025100
6905,27145,6892,1125,33.2,1041,36,005,025500
5398,56531,5398,1408,38.5,2501,36,005,026400
6697,37188,6697,1073,32.9,1604,36,005,033600
1680,78589,1480,1559,38.1,837,36,005,034300
9409,24447,9409,658,31.3,3185,36,005,002000
269,-666666666,269,1076,51.1,92,36,005,003700
8090,30089,8090,1084,28.5,1075,36,005,006900
3903,24004,3903,1387,24.9,349,36,005,040304
4435,37165,4435,1182,29.5,379,36,005,040501
7260,37586,7260,1195,31.2,973,36,005,040502
3884,49189,3884,1344,31.9,593,36,005,043400
4177,73432,4177,1569,42.3,335,36,005,044400
3344,90590,3344,1448,43.5,982,36,005,045600
3766,86563,3766,1530,30.7,2783,36,005,035100
2440,30893,2440,1299,26.0,352,36,005,036700
6909,35463,6891,1335,29.5,959,36,005,038100
2780,59792,2780,1513,37.7,217,36,005,038800
3881,30300,3866,1115,20.0,2585,36,005,039700
5615,25637,5615,1199,32.8,579,36,005,039901
3164,49301,3164,1204,44.5,634,36,005,040900
3799,37545,3695,1237,35.3,501,36,005,042000
2562,76400,2337,1263,44.2,274,36,005,042400
361,-666666666,361,970,23.9,32,36,005,043500
0,-666666666,0,-666666666,-666666666.0,0,36,005,016300
1513,28601,1513,937,33.5,223,36,005,016900
5689,20464,5676,887,37.7,561,36,005,017300
2082,62529,2077,1430,39.0,1001,36,005,024600
0,-666666666,0,-666666666,-666666666.0,0,36,005,024900
2582,77000,2582,1215,42.0,1546,36,005,025000
2711,74712,2711,1515,37.2,1329,36,005,025200
1969,42679,1969,1367,32.2,209,36,005,025700
4883,28529,4883,1294,33.1,1058,36,005,027700
3527,57572,3527,1499,35.2,2303,36,005,028500
1116,81607,1116,1479,43.2,699,36,005,028600
4773,48701,4584,1275,38.2,2266,36,005,028900
1598,90571,1598,1565,42.9,747,36,005,031200
8259,29118,8177,1165,31.3,1485,36,005,018900
8462,34247,8443,1152,33.5,1517,36,005,019900
2252,38750,2252,1230,35.3,551,36,005,020200
2336,52163,2336,1207,33.6,527,36,005,020601
5138,28041,5121,1010,28.9,255,36,005,021100
4960,56080,4960,1254,42.6,722,36,005,021200
4356,29990,4356,1296,33.8,908,36,005,021601
1688,43316,1615,1365,31.7,727,36,005,025600
1736,46635,1736,1327,31.8,283,36,005,022703
1143,37083,1143,1123,32.7,110,36,005,023702
4234,34918,4234,1304,28.8,764,36,005,024000
6015,23750,5546,1123,42.2,1282,36,005,026300
7615,38382,7558,1212,31.4,992,36,005,026500
4236,66525,3988,1138,50.4,2033,36,005,028100
2618,23889,2618,796,32.2,748,36,005,028300
2209,90909,2024,1767,42.8,1062,36,005,031400
3982,32969,3982,881,32.8,1019,36,005,032800
3838,28431,3838,952,32.9,477,36,005,037400
2943,47331,2943,1467,33.7,217,36,005,038200
4600,18032,4600,469,29.9,479,36,005,002300
6742,25903,6719,1175,30.9,966,36,005,003900
6003,34167,5997,1260,32.3,778,36,005,005400
7184,26184,7184,765,27.5,883,36,005,006200
3294,52228,3294,1403,34.1,262,36,005,006800
2722,41875,2659,1057,31.9,340,36,005,007100
3982,23559,3982,598,29.7,1614,36,005,008600
6150,26378,6024,1102,31.2,649,36,005,008700
0,-666666666,0,-666666666,-666666666.0,0,36,005,011000
1842,108611,1650,1569,61.5,1437,36,005,029301
5767,96205,5629,2089,48.0,3802,36,005,029302
3703,101438,2879,1726,62.6,3077,36,005,030900
3859,87719,3663,1698,46.5,1716,36,005,032600
5305,45347,5305,1343,34.9,2214,36,005,033201
5617,97363,5617,1915,45.6,4394,36,005,030701
4218,49338,3763,1303,48.4,1443,36,005,033202
2011,100833,1875,1544,36.2,1577,36,005,033500
2381,92813,2381,1683,45.6,1620,36,005,033700
6318,40000,6304,861,40.3,1209,36,005,034800
3149,70588,2948,1352,42.7,588,36,005,036000
3409,18906,3219,891,33.1,708,36,005,037504
2114,79531,2114,1502,46.4,218,36,005,042800
3766,39405,3766,1343,33.0,728,36,005,041100
8261,48843,8235,1313,30.8,1305,36,005,041300
6822,32632,6802,1304,32.8,2418,36,005,041900
4882,39350,4882,1249,32.7,405,36,005,038301
6127,21128,6127,1123,27.4,529,36,005,038302
4228,26373,4228,1061,30.8,584,36,005,039500
5102,37330,5102,1243,29.7,636,36,005,040303
3625,31902,3625,1092,25.4,410,36,005,016700
2637,51397,2637,1454,35.8,403,36,005,022401
5269,52479,5206,1025,44.2,675,36,005,002800
7054,25589,7017,853,27.1,633,36,005,007900
1082,43661,1082,1453,41.6,483,36,005,015800
7017,39596,7004,1296,31.8,1227,36,005,021800
4176,40077,4176,1389,34.6,696,36,005,033800
2328,31893,2328,1168,29.9,239,36,005,036502
3870,74531,3870,1715,44.5,2451,36,005,016000
1966,81908,1764,1360,44.6,1176,36,005,016200
965,25980,965,1174,29.5,176,36,005,016500
7223,25844,7200,781,33.9,669,36,005,017500
4716,27630,4716,1151,26.7,428,36,005,021501
6349,22926,6349,1068,30.3,332,36,005,021502
2832,41600,2832,1310,30.5,734,36,005,023000
6314,33048,6309,1216,28.9,631,36,005,025300
1950,70733,1892,1358,49.9,245,36,005,026100
7035,59375,6623,1361,40.2,2348,36,005,027900
6003,55903,6003,1422,34.9,2684,36,005,030000
636,-666666666,636,-666666666,20.2,400,36,005,031900
5464,41641,5464,1308,29.6,1000,36,005,034000
2127,59896,2127,1634,39.7,280,36,005,034400
2078,85781,2078,1419,39.9,166,36,005,035000
5547,24231,5537,677,36.0,869,36,005,036100
3705,25280,3705,1051,33.0,605,36,005,036501
3200,24816,3200,980,29.5,306,36,005,008900
4824,64500,4801,1347,40.9,2079,36,005,009800
4195,32500,4195,1186,30.4,383,36,005,012500
6091,46421,6082,1387,34.6,1212,36,005,009200
1832,21322,1832,805,36.8,414,36,005,012701
3541,22321,3541,747,35.6,561,36,005,013500
2597,77586,2597,1407,40.6,1807,36,005,013800
4361,16121,4361,447,34.0,317,36,005,016100
0,-666666666,0,-666666666,-666666666.0,0,36,005,017100
4769,28008,4574,1081,31.1,637,36,005,014900
7165,31225,7165,1219,29.8,973,36,005,019700
2243,32222,2243,1197,30.7,240,36,005,022000
1617,30337,1617,1118,32.9,250,36,005,022702
1602,28365,1505,1177,35.3,453,36,005,023100
3182,22315,3182,1277,31.8,518,36,005,023501
5917,35802,5694,1065,37.4,2406,36,005,001600
172,-666666666,172,-666666666,27.9,69,36,005,002400
1703,44583,1703,1245,31.3,367,36,005,003100
1434,41438,1434,1029,34.7,794,36,005,003800
5517,18942,5502,653,27.2,715,36,005,004100
5557,28364,5557,1020,31.3,702,36,005,011900
4437,23345,4437,1030,29.5,328,36,005,011502
5865,31311,5855,1054,31.9,479,36,005,014100
5029,33700,5010,1095,32.0,431,36,005,015100
4885,17438,4885,1102,30.5,190,36,005,015300
2884,19850,2884,882,33.4,221,36,005,015500
1904,30625,1898,1299,28.8,734,36,005,023600
5630,23873,5630,1110,32.2,453,36,005,024300
4548,41313,4548,1243,32.3,555,36,005,020000
7041,19615,7041,827,30.8,480,36,005,020501
2163,16507,2163,908,34.1,121,36,005,020502
4499,30625,4499,1104,36.3,482,36,005,020900
8825,54347,8825,1322,40.1,1015,36,005,021001
7710,56085,7710,1298,35.1,956,36,005,021002
5147,25304,5147,1111,34.3,394,36,005,021700
3896,28192,3896,1161,28.1,285,36,005,022101
5528,23973,5528,1148,31.3,703,36,005,022102
3242,41228,3242,1343,36.4,623,36,005,022200
2288,50353,2288,1432,34.2,527,36,005,023800
3374,39632,3374,1449,34.2,858,36,005,022403
5527,32930,5527,1178,28.5,556,36,005,023703
5009,20192,5009,1115,28.9,288,36,005,024501
3752,26406,3741,1174,33.4,488,36,005,024502
4209,51918,4209,1303,38.6,1285,36,005,022404
3944,21095,3944,1193,28.0,77,36,005,023704
4237,48795,4237,1315,32.8,285,36,005,026701
7221,36174,7221,1286,33.0,1105,36,005,026702
4829,88169,4829,1493,45.9,4040,36,005,027401
3450,87273,3268,1524,52.6,2805,36,005,027402
7418,27281,7418,1201,33.4,1025,36,005,019500
3578,35563,3578,1174,28.5,563,36,005,022902
3627,34477,3627,1240,28.8,894,36,005,023302
2277,54705,2277,1370,36.4,973,36,005,024400
3364,37625,3364,1092,33.2,432,36,005,026900
7895,36902,7669,1302,35.6,1247,36,005,027300
4649,94421,4649,1680,39.4,2897,36,005,029500
3727,92981,3567,1619,46.8,2855,36,005,029700
4776,89425,3909,1468,50.1,2136,36,005,031000
1910,77386,1910,1610,40.3,910,36,005,031600
1987,79048,1810,1621,47.3,977,36,005,031800
4400,86416,4400,1357,54.7,2997,36,005,032300
3696,18535,3691,629,37.1,745,36,005,032400
72,-666666666,72,-666666666,39.5,12,36,005,033400
7735,19675,7735,945,29.0,1572,36,005,036300
2156,18033,2156,948,31.6,554,36,005,036902
5908,29120,5908,1146,28.3,850,36,005,037300
3033,34656,3033,1228,33.0,237,36,005,037800
5268,23506,5268,1215,25.9,461,36,005,037900
3622,31788,3622,1270,24.9,770,36,005,038700
4741,44145,4741,1430,30.1,252,36,005,039600
4610,34934,4607,1344,33.0,461,36,005,040100
3845,45391,3845,1425,32.7,590,36,005,040600
4500,37461,4500,1311,31.2,1108,36,005,042300
6264,33553,6264,1342,31.0,1399,36,005,042500
4046,36250,4046,1340,31.6,1261,36,005,042901
3760,51389,3746,1390,32.1,668,36,005,044200
222,-666666666,222,900,25.8,123,36,005,050400
1392,89318,1028,400,63.6,869,36,005,030100
4,-666666666,4,-666666666,-666666666.0,4,36,005,027600
4147,25204,4147,939,33.9,526,36,005,012901
1498,96938,1498,1468,40.6,997,36,005,013000
2289,20461,2289,1018,30.0,285,36,005,036901
2384,22750,2384,1126,38.1,289,36,005,005600
4702,14375,4702,856,26.6,480,36,005,002702
3534,18511,3534,600,28.6,457,36,005,003300
5891,39154,5891,1195,33.7,901,36,005,007200
2906,35588,2906,1138,30.3,432,36,005,012101
1509,22396,1509,688,28.7,241,36,005,012102
4095,29089,4095,798,35.2,308,36,005,012300
5995,22182,5995,750,33.2,798,36,005,013300
1399,15455,1399,696,36.7,61,36,005,014300
5513,22970,5513,495,35.7,1413,36,005,014400
8004,29242,7768,1034,28.6,507,36,005,014500
2364,64792,2358,1794,38.1,1162,36,005,016600
2334,52250,2334,1553,33.7,869,36,005,019400
1361,24970,1361,1013,32.3,191,36,005,021301
5866,28889,5866,1254,28.5,683,36,005,022901
7191,116013,7191,1411,41.0,3946,36,005,013200
4254,32188,4190,1144,32.2,563,36,005,020100
2766,42011,2766,1383,34.2,217,36,005,039000
8721,21370,8721,967,29.1,1193,36,005,039300
4300,29315,4300,1253,30.6,443,36,005,040302
3370,67273,3370,1304,34.5,198,36,005,040400
3259,34007,3259,1294,34.3,539,36,005,040701
6058,47000,6058,1331,33.6,776,36,005,041500
2042,67882,2042,1309,37.9,141,36,005,043600
1917,84609,1917,1596,44.0,99,36,005,044800
4036,94519,4036,1170,47.1,3266,36,005,051600
1655,44375,1655,1378,39.6,123,36,005,039200
5453,33348,5453,1267,25.4,1779,36,005,038900
7438,32298,7438,1261,28.3,1677,36,005,039100
5308,34355,5072,1309,34.5,594,36,005,039400
3587,77825,3587,1602,40.1,354,36,005,039800
5163,52232,5155,1370,46.2,738,36,005,041400
3957,40325,3957,1406,32.8,617,36,005,041800
3292,46641,3292,1231,42.3,142,36,005,042200
3551,63214,3551,1196,40.1,303,36,005,043000
10627,32960,10199,1317,36.8,2027,36,005,043100
4607,20884,4412,561,28.7,567,36,005,004400
4680,33644,4680,1117,30.0,484,36,005,004800
2532,29800,2532,1336,38.2,513,36,005,005902
6519,29939,6507,1071,31.3,857,36,005,008300
2780,83605,2780,1620,33.1,868,36,005,008400
7684,23734,7684,1153,29.6,672,36,005,023900
6635,37672,6589,1132,29.8,676,36,005,024100
3352,53000,3352,1407,42.4,1822,36,005,026601
598,-666666666,161,-666666666,55.8,245,36,005,028400
3000,55250,3000,1390,40.5,1162,36,005,028700
1631,61827,1631,1331,42.4,1367,36,005,044901
28272,50179,27274,994,48.4,5503,36,005,046201
9915,50375,9148,1162,37.7,1011,36,005,046202
8271,35137,8271,1188,27.8,906,36,005,022500
4205,31678,4091,1354,34.5,485,36,005,042902
5885,38023,5885,1206,39.0,2941,36,005,033000
8054,80979,8054,1431,37.2,779,36,005,035800
4322,27925,4322,795,37.3,1122,36,005,037100
4757,20466,4757,1034,28.2,344,36,005,038500
5763,34827,5763,1185,30.1,1698,36,005,042100
1544,80833,1536,1476,38.2,1283,36,005,045101
5400,84063,5369,1754,32.5,3949,36,005,011800
3091,50275,3091,1342,35.7,732,36,005,020400
3053,58553,2732,1414,42.9,1805,36,005,024800
4595,31685,4595,1306,29.9,693,36,005,040800
4126,73600,4103,1348,39.9,284,36,005,048400
2037,44973,2037,1334,35.8,93,36,005,024700
5207,57386,5207,1274,40.7,2997,36,005,026602
2688,61071,2688,1352,38.0,6,36,005,036400
1876,66705,1864,1261,38.4,1482,36,005,044902
5078,26537,5078,1122,36.7,648,36,005,022300
2097,50735,2097,1459,37.1,1501,36,005,025400
1592,56250,1592,1384,34.4,555,36,005,029600
2319,51250,2319,1350,37.3,260,36,005,037600
2868,20599,2868,440,27.1,243,36,005,002701
9213,53987,9213,1194,44.3,1058,36,005,030200
1982,61964,1982,1591,36.0,398,36,005,034200
2528,51979,2528,1646,40.6,258,36,005,037000
2279,44500,2279,1383,35.6,312,36,005,037200
5346,33075,5346,1202,29.3,624,36,005,039902
6477,83452,6477,1625,42.2,482,36,005,042600
5605,24341,5605,553,26.6,1272,36,005,045800
3190,30938,2935,799,35.4,251,36,005,046000
5312,23737,5312,1019,30.5,968,36,005,006500
7080,-666666666,0,-666666666,34.1,1773,36,005,000100
7256,22662,7256,815,31.0,471,36,005,006700
6891,36462,6891,1199,30.9,1514,36,005,040702
4427,33864,4427,1049,29.6,607,36,005,015700
5378,34659,5369,1364,31.5,371,36,005,038000
5887,24530,5887,830,32.3,903,36,005,002500
3697,46554,3697,1135,49.6,255,36,005,006100
5194,31214,5181,1198,32.5,604,36,005,022701
1485,53846,1485,1161,39.7,450,36,005,004001
6088,24014,6088,791,32.3,898,36,005,004300
2091,20833,2091,815,30.7,311,36,005,005200
3612,34604,3607,1198,38.4,460,36,005,006400
7025,44144,7025,1466,32.2,1555,36,005,007800
5972,30158,5972,1035,31.3,523,36,005,008500
5076,31250,5076,1069,29.2,734,36,005,013100
993,78646,993,1371,49.4,829,36,005,016400
4018,66389,4018,1403,39.4,2734,36,005,018400
5942,22750,5942,947,28.2,640,36,005,019300
6040,30220,6040,1132,31.5,460,36,005,021302
3288,85893,3288,1700,41.4,2233,36,005,028800
1765,68915,1765,1472,43.8,1468,36,005,045102
3357,75000,3218,1494,44.9,1935,36,005,034500
2143,68904,2134,1470,45.6,153,36,005,035600
1975,25490,1975,998,37.2,250,36,005,035900
1988,47333,1988,1479,34.6,220,36,005,036800
8737,52455,8737,1390,32.4,132,36,005,038600
5634,82073,5634,1481,40.6,2623,36,005,000400
4542,59914,4542,1615,43.2,2165,36,005,000200
6096,53735,6096,1425,33.5,1812,36,005,022800
2711,54539,2711,1383,36.4,965,36,005,023200
1817,32750,1817,777,34.1,817,36,005,004600
1451,33828,1451,1169,31.8,367,36,005,006000
4584,39662,4569,1364,35.0,1013,36,005,007000
4314,20595,4314,1008,28.4,746,36,005,007300
3314,38490,3314,1306,41.3,1456,36,005,007400
6112,30577,6112,1035,30.1,730,36,005,007500
2022,39934,2022,1230,30.5,314,36,005,007700
3900,30490,3900,1051,29.9,547,36,005,003500
5635,49750,5635,1314,37.3,1221,36,005,021602
1045,21686,1045,1326,33.8,105,36,005,021900
3804,27582,3804,1101,31.3,348,36,005,023301
2765,42075,2758,1270,30.8,585,36,005,001900
7207,33016,7207,948,33.9,2296,36,005,004200
5588,16844,5588,450,29.6,547,36,005,005100
4979,24619,4979,1268,32.2,518,36,005,005001
5519,26534,5519,1214,29.1,681,36,005,005002
4483,16210,4483,1112,24.4,414,36,005,005300
4497,35827,4468,1233,36.0,991,36,005,006300
5458,35369,5458,1352,32.8,1118,36,005,007600
3620,26771,3620,467,34.8,1524,36,005,009000
6104,33708,5432,1187,31.7,626,36,005,009300
2683,47917,2481,1536,38.1,595,36,005,009600
1586,23149,1586,1193,26.6,164,36,005,011700
7120,14927,7120,477,24.6,775,36,005,014701
B01003_001E,B19013_001E,B18101_001E,B25064_001E,B01002_001E,B02001_002E,state,county,tract
4095,56917,3985,1539,38.8,1188,36,047,026700
2629,72552,2629,1435,41.6,1568,36,047,007000
4426,45179,4426,1413,38.5,450,36,047,010600
2440,29145,2440,1154,29.2,142,36,047,035700
4269,23105,4269,886,38.5,342,36,047,090000
3715,70446,3715,1509,37.9,251,36,047,099600
1029,108250,1029,1417,47.5,1014,36,047,061200
4796,61341,4796,1447,32.1,1674,36,047,044500
2579,57250,2540,1621,20.6,2532,36,047,047200
3764,58218,3764,1246,38.6,2779,36,047,054400
1844,35208,1844,1219,31.7,481,36,047,026300
3668,70474,3668,1299,34.1,565,36,047,027900
4956,41047,4956,1356,37.6,2619,36,047,028600
4570,53190,4570,1431,32.7,324,36,047,037100
3878,39706,3878,1234,31.3,475,36,047,037900
3391,56217,3391,1356,36.0,1972,36,047,057800
4229,57839,4229,1386,43.6,2510,36,047,059200
1464,106875,1464,-666666666,42.0,1244,36,047,063600
2191,93462,2191,1592,35.9,1456,36,047,064800
1121,94357,1121,975,52.0,1041,36,047,065200
1663,86923,1663,1439,47.9,1374,36,047,066200
1797,83355,1797,1720,37.8,133,36,047,067600
1392,95481,1392,1750,45.3,965,36,047,069800
2141,88990,2141,1742,36.3,137,36,047,072000
3478,56985,3478,1338,37.7,349,36,047,073600
3359,79128,3359,1491,33.7,1453,36,047,074200
2637,92841,2612,1375,31.7,1866,36,047,074600
2294,67955,2294,1482,38.7,421,36,047,076600
3065,58750,3065,1400,29.1,502,36,047,077000
2210,83571,2204,1428,40.6,69,36,047,078000
2558,83608,2558,1598,42.0,114,36,047,078400
3013,57171,3013,1329,33.7,1053,36,047,114202
3231,50536,3225,1342,30.1,1140,36,047,117601
3817,38897,3817,1041,36.5,1698,36,047,050500
2220,48214,2220,1946,17.6,2139,36,047,046800
5711,51382,5686,1674,28.4,4142,36,047,048400
2654,96078,2654,2022,31.6,1944,36,047,049500
3710,33669,3524,1241,16.8,3621,36,047,053700
408,116250,408,2842,39.3,220,36,047,054300
2398,62054,2398,1203,39.9,1959,36,047,055800
3081,98804,3081,1886,35.7,2660,36,047,056500
1548,83810,1548,1442,45.8,955,36,047,056800
4091,69950,4091,1385,47.8,4034,36,047,061002
4588,77813,4577,1559,43.5,4023,36,047,062800
2276,64773,2276,1237,43.3,1829,36,047,064200
2293,88333,2293,1650,37.2,279,36,047,068000
1841,77321,1841,1276,42.0,94,36,047,072400
3811,56742,3811,1359,44.2,260,36,047,072800
2711,72823,2711,1395,34.1,2161,36,047,075000
3108,70298,3108,1202,29.5,2768,36,047,076000
2573,43317,2551,1380,37.1,151,36,047,081600
4013,47991,3997,1376,32.6,252,36,047,082800
2089,63179,2089,1327,39.1,0,36,047,083200
1525,67400,1525,1378,37.3,15,36,047,085000
3112,108500,3112,1488,36.3,867,36,047,068200
3743,53464,3732,1437,30.4,1428,36,047,080600
1998,53527,1998,1285,39.6,91,36,047,085400
4250,11858,4250,411,43.4,300,36,047,091000
3578,79526,3557,1620,40.1,1767,36,047,017000
3873,75833,3873,1970,34.8,3537,36,047,057100
1616,67375,1616,1685,41.8,1492,36,047,070000
1633,87669,1629,1218,50.0,1582,36,047,075800
2469,56250,2469,1387,41.8,91,36,047,084000
2473,88250,2473,1879,33.4,1764,36,047,014700
4279,52191,4279,1378,34.9,920,36,047,021300
2942,49830,2942,1364,34.4,1746,36,047,024600
2924,49149,2924,1301,37.5,181,36,047,030100
5267,26728,5267,640,34.2,1541,36,047,033000
4525,48633,4525,1356,37.3,1085,36,047,021200
5342,37847,5342,841,33.3,558,36,047,038100
2391,58938,2391,1339,43.9,1097,36,047,040400
3804,52819,3804,1337,34.8,1559,36,047,027600
3498,77407,3498,1474,41.5,1629,36,047,038600
3492,36910,3492,1355,39.1,1645,36,047,043000
3292,48750,3292,1425,33.3,1297,36,047,048600
1814,88125,1814,1506,39.5,1162,36,047,052800
3330,61678,3330,1331,39.9,2630,36,047,055000
1690,74052,1690,1955,35.1,1432,36,047,058900
1979,59833,1979,1516,35.2,934,36,047,059000
1465,92574,1286,-666666666,65.9,1336,36,047,061600
1774,82634,1774,1151,38.6,1411,36,047,065600
1685,74896,1685,1366,38.6,192,36,047,067200
6073,90649,6073,1658,45.9,5228,36,047,070201
2302,88320,2302,2009,39.0,186,36,047,073000
2968,36920,2831,1216,33.8,195,36,047,029900
2998,51983,2998,1263,30.6,225,36,047,031100
5138,72056,5138,1163,46.3,3854,36,047,031400
5014,47356,5014,1484,32.9,2052,36,047,044300
2171,62083,2168,1380,36.6,1039,36,047,044600
2482,57137,2482,1864,32.8,1131,36,047,045300
3918,50232,3918,1183,35.8,2120,36,047,048800
6594,37093,6594,1076,40.1,2214,36,047,049100
4303,74879,4303,1667,35.6,1877,36,047,049600
1827,81042,1827,1952,34.1,1564,36,047,049900
4534,83265,4525,1542,39.7,2666,36,047,050400
6766,27239,6766,1160,19.2,6657,36,047,053300
2953,100395,2953,2434,32.8,2335,36,047,055300
5071,77880,5071,2019,35.0,3856,36,047,056300
7457,59238,7457,1307,45.9,4132,36,047,059401
6700,69920,6700,1327,41.1,5748,36,047,060000
2777,57399,2777,1401,45.6,1990,36,047,060600
1972,97188,1972,1702,42.9,398,36,047,067400
1776,57607,1776,1214,43.4,941,36,047,068600
5582,57875,5566,1648,33.2,1470,36,047,032100
2593,43542,2593,1001,42.9,400,36,047,032800
4295,38375,4295,1192,36.5,963,36,047,035100
2355,67163,2355,1240,42.8,70,36,047,073200
3636,56850,3636,1266,32.8,383,36,047,074000
1929,86944,1929,1598,33.0,1372,36,047,074800
1466,115500,1466,1700,38.8,1460,36,047,075400
4651,52135,4651,1318,31.0,2726,36,047,076200
4631,70433,4631,1307,34.2,460,36,047,081800
7485,41922,7374,1283,37.1,641,36,047,082200
6184,49609,6184,1344,37.2,252,36,047,083000
1554,54625,1554,1301,40.5,0,36,047,083400
0,-666666666,0,-666666666,-666666666.0,0,36,047,990100
3737,113696,3737,1728,36.7,1699,36,047,152200
2700,70208,2694,1497,37.9,1943,36,047,006200
5842,165000,5842,2357,37.2,5145,36,047,006500
1359,136417,1359,3042,32.0,1004,36,047,001100
1892,87115,1892,1442,38.6,871,36,047,003500
4165,62415,4165,1155,36.4,1534,36,047,024300
3558,16802,3558,350,26.1,667,36,047,025902
2158,51583,2158,1444,43.1,1235,36,047,027000
3317,48108,3317,1107,38.3,344,36,047,027300
3271,53784,3271,1345,38.2,1842,36,047,027400
4439,78886,4439,1798,33.9,840,36,047,027500
3003,36346,3003,1090,38.3,848,36,047,028700
2307,92538,2307,1525,35.5,88,36,047,102400
3247,72917,3035,1384,39.1,224,36,047,098800
2370,84881,2355,1662,36.2,93,36,047,099200
2247,80179,2247,1645,35.7,83,36,047,101000
3316,57527,3288,1359,35.1,74,36,047,112400
4012,38594,4012,1344,32.2,507,36,047,112800
4316,57813,4316,1647,27.0,2784,36,047,023500
4562,39444,4485,1367,27.8,4326,36,047,024000
2707,68563,2571,2072,30.5,1757,36,047,024100
1755,54362,1755,1273,45.3,345,36,047,025000
4083,46278,4083,1247,36.9,1643,36,047,025400
4486,42396,4486,1374,35.3,1876,36,047,025800
2228,56771,2228,1478,29.1,837,36,047,025901
3174,49735,3174,1361,46.6,1246,36,047,026000
4640,42598,4635,1371,37.4,3916,36,047,053800
1965,59773,1965,1293,35.2,1515,36,047,044800
537,54063,537,2192,22.9,519,36,047,045000
1508,87083,1508,1138,38.4,1452,36,047,045800
2862,49688,2862,1462,31.1,2508,36,047,044000
4226,41855,4226,1383,30.4,1657,36,047,042100
3104,75938,3093,1692,28.4,1534,36,047,042500
4323,54943,4323,1299,39.3,1752,36,047,043200
2378,44688,2378,1384,31.1,1102,36,047,044700
3687,31403,3673,1326,23.4,2598,36,047,022800
3219,24150,3219,682,28.5,289,36,047,113400
3835,21580,3835,628,32.2,331,36,047,115600
1928,46445,1889,1386,32.3,576,36,047,117800
2524,37614,2044,1281,50.0,27,36,047,087800
6365,48091,6365,1191,34.7,458,36,047,088200
5587,29757,5016,1288,45.5,496,36,047,089000
3082,43085,3067,1453,33.4,167,36,047,089400
3030,71786,3030,1228,42.1,19,36,047,093000
1864,57841,1842,1593,30.0,102,36,047,096200
2086,71012,2086,1719,42.0,168,36,047,098400
1612,61705,1612,1634,29.7,1186,36,047,041401
4192,66307,4192,1481,28.1,1177,36,047,041500
2622,38375,2622,1353,28.0,2129,36,047,041800
4936,56875,4936,1662,27.7,2648,36,047,043100
2716,39554,2716,1474,32.2,2118,36,047,043800
1114,12545,869,328,75.4,745,36,047,035200
3254,39899,3254,1107,33.8,30,36,047,036501
1333,55385,1333,1274,35.9,147,36,047,036700
4322,58032,4303,1308,45.1,2790,36,047,037000
3991,58636,3979,1333,34.9,902,36,047,038700
3026,58214,3026,1480,30.3,2582,36,047,039200
6218,43815,6218,1464,35.1,2553,36,047,009600
5142,56056,5142,1291,32.7,854,36,047,010200
2445,51000,2445,1567,28.6,1203,36,047,011000
3976,79479,3976,1590,41.3,2842,36,047,013400
3888,83309,3888,1657,37.3,2941,36,047,013600
2394,40385,2394,1322,32.1,521,36,047,114400
3017,31222,2790,1757,33.9,602,36,047,119800
6325,36783,6325,1718,13.5,5607,36,047,123700
2811,114696,2811,2167,36.0,2349,36,047,150200
3451,34091,3451,950,31.9,2536,36,047,052500
2376,39676,2376,1349,31.4,1631,36,047,045600
2515,28792,2515,1058,50.1,54,36,047,092200
3122,19799,3122,520,30.3,248,36,047,094402
1769,57431,1769,1354,44.7,89,36,047,096400
4266,58951,4266,1442,33.3,767,36,047,029500
5544,23339,5544,605,29.1,409,36,047,030700
2126,44048,2126,1226,33.5,106,36,047,030900
3589,72464,3589,1629,30.6,1178,36,047,031702
2465,40339,2465,1187,43.4,629,36,047,032700
4479,82049,4465,1540,42.6,3855,36,047,033600
2210,20372,1695,536,61.3,1018,36,047,034000
2681,91302,2657,1650,44.1,322,36,047,067800
24,-666666666,24,-666666666,43.5,24,36,047,070202
2251,85938,2251,1302,42.9,67,36,047,072600
4203,64541,4203,1471,29.6,1440,36,047,073800
3723,71635,3723,1441,40.8,194,36,047,077600
4859,56818,4859,1291,35.7,661,36,047,080200
2399,46250,2321,1329,34.9,464,36,047,081000
2792,43380,2792,1394,41.2,48,36,047,081400
0,-666666666,0,-666666666,-666666666.0,0,36,047,085200
4473,92401,4473,1914,45.4,2920,36,047,000100
4209,143803,4209,2223,41.4,3537,36,047,000301
2718,155341,2307,2544,38.7,1793,36,047,004900
2320,108571,2320,1759,40.9,1891,36,047,005000
3054,98271,3054,1615,34.6,2214,36,047,006000
3894,168194,3894,2413,37.2,3394,36,047,006700
4177,43869,3778,1247,33.7,2236,36,047,011400
1967,45667,1967,1365,32.7,108,36,047,011800
4800,47705,4800,638,31.8,1688,36,047,012700
4408,165982,4408,2307,36.3,3333,36,047,013300
4028,152237,4028,2249,39.1,3162,36,047,015500
4206,125208,4206,2256,39.4,3664,36,047,017100
2184,86010,2184,1445,41.1,1230,36,047,017400
2721,116534,2721,2381,34.9,1926,36,047,018300
4381,30354,4381,1702,21.7,4034,36,047,022000
3991,51622,3991,1311,33.7,1425,36,047,022100
5792,46481,5792,1493,19.7,4403,36,047,022400
3607,79300,3607,1589,34.4,1632,36,047,023100
6000,26330,6000,1437,21.2,5579,36,047,023600
2561,45871,2561,1538,30.0,501,36,047,024700
2739,54353,2739,1290,45.2,1366,36,047,062600
2937,48924,2643,1328,40.6,415,36,047,034100
5091,48208,5080,1243,34.5,1141,36,047,035300
2297,94783,2297,1363,30.9,2001,36,047,064600
1486,94926,1486,1711,49.8,1180,36,047,065400
2859,55313,2859,1271,33.3,1437,36,047,118201
4539,62938,4539,1693,33.3,446,36,047,095600
0,-666666666,0,-666666666,-666666666.0,0,36,047,096000
2961,68548,2961,1423,38.0,88,36,047,098600
2868,85481,2868,1598,38.1,89,36,047,102600
4145,23870,4115,490,29.0,252,36,047,103400
1968,52957,1968,959,34.5,140,36,047,107000
1700,36293,1700,1246,37.0,526,36,047,114201
3795,45481,3795,1278,40.0,405,36,047,010800
2020,96136,2020,2357,34.3,1371,36,047,012100
2390,113977,2390,2320,33.0,1681,36,047,012902
3512,111947,3496,2033,37.8,2400,36,047,013700
3469,108171,3469,2077,34.3,2189,36,047,014300
4216,127076,4216,2567,36.1,3291,36,047,015100
0,-666666666,0,-666666666,-666666666.0,0,36,047,015400
4049,107063,4049,2096,37.4,3085,36,047,015700
6003,168984,6003,3084,38.4,4890,36,047,016500
3215,67917,3007,1355,35.6,1297,36,047,017800
4318,58987,3978,1131,39.5,1052,36,047,017900
2788,94306,2788,2586,29.6,1715,36,047,019100
1959,-666666666,0,-666666666,36.0,750,36,047,001800
4352,19421,4352,459,32.4,317,36,047,002300
4533,30009,4533,673,31.3,365,36,047,002901
3056,74965,3047,1401,46.1,1785,36,047,003400
1436,70833,1436,1405,50.1,1055,36,047,003800
3546,145884,3546,2441,35.1,2889,36,047,004500
2299,72159,2299,1739,45.5,2075,36,047,005202
1922,119519,1922,2525,36.8,1688,36,047,006300
4932,48906,4920,1396,33.6,2875,36,047,006800
4890,36987,4890,655,36.5,1475,36,047,007100
5172,150764,5172,2233,34.3,3658,36,047,007700
3038,52639,3004,1323,35.3,1773,36,047,049200
2360,90536,2360,1849,42.9,2060,36,047,050202
2513,51173,2513,1604,27.7,2491,36,047,047400
3761,107727,3761,2661,32.4,2977,36,047,047700
5314,47957,5314,1367,36.3,2517,36,047,048200
3506,18640,3506,415,36.8,623,36,047,048900
5373,54787,5359,1507,32.5,3166,36,047,049000
2882,89825,2882,2142,33.1,2047,36,047,049700
3174,99083,3174,2025,32.9,2344,36,047,050100
7942,52791,7942,1456,35.0,1768,36,047,051400
3198,40278,3198,1243,33.2,85,36,047,078800
2787,48221,2787,1457,35.3,1420,36,047,029200
5898,46029,5898,1467,38.3,2904,36,047,029600
4106,41534,4106,1135,44.2,1899,36,047,030400
1702,46806,1702,1183,44.4,772,36,047,030600
3128,50575,3128,1282,33.1,1294,36,047,031900
7507,25104,7507,667,29.4,2080,36,047,032600
3920,52917,3920,1359,32.5,1638,36,047,033700
6270,19463,6270,453,45.4,2341,36,047,034200
6113,37448,6087,1307,31.1,604,36,047,034900
3614,43217,3614,1270,28.2,1430,36,047,041900
5326,49099,5326,1524,29.2,2349,36,047,042900
4014,27955,4014,1142,31.0,1235,36,047,043300
7471,29922,7471,778,31.4,3418,36,047,049300
5607,54405,5510,1582,37.3,3180,36,047,049400
4268,74271,4268,1599,38.1,1983,36,047,049800
2867,31724,2867,1139,14.8,2265,36,047,050700
5024,40870,5024,1491,13.0,4499,36,047,050900
4262,42159,4262,1118,35.9,2285,36,047,051100
2289,143000,2289,3097,31.8,1627,36,047,051500
6465,55170,6455,1314,30.9,3080,36,047,052700
3721,31788,3721,1204,22.7,3514,36,047,052900
5444,41553,5444,1642,26.6,4474,36,047,054700
3678,55257,3664,1485,32.6,3038,36,047,055600
2519,91215,2519,1146,43.6,1980,36,047,056400
3494,65506,3414,1056,50.3,2210,36,047,057000
1117,68750,1117,1668,36.4,739,36,047,057900
3415,63958,3415,1431,41.1,2333,36,047,058400
2901,65139,2901,1291,37.7,703,36,047,058600
1243,39712,1243,1241,32.2,561,36,047,000200
4010,157992,4001,2358,36.1,3241,36,047,000700
3283,51214,3283,1399,38.7,442,36,047,080400
5311,52797,5311,1228,37.7,442,36,047,082600
3338,56250,3338,1268,41.0,128,36,047,085600
3205,43688,3205,1296,37.2,158,36,047,087000
4286,30435,4286,1231,36.8,168,36,047,088600
4157,52039,4157,1306,41.3,51,36,047,088800
5587,14311,5587,499,30.7,609,36,047,091200
2870,82721,2864,1518,41.1,275,36,047,095000
3518,52105,3518,1475,44.6,3043,36,047,056000
5269,67857,5269,1522,34.6,3243,36,047,055100
4444,45603,4444,1440,34.3,3467,36,047,055400
1713,86136,1713,-666666666,42.1,1523,36,047,056200
2907,81154,2907,1293,45.8,1347,36,047,057400
5235,24008,5235,720,34.8,495,36,047,034300
4040,64063,4040,1481,32.1,2983,36,047,038800
4076,54667,4076,1423,31.1,1396,36,047,039500
3822,47708,3822,1217,30.7,848,36,047,039900
2857,50446,2857,1294,38.9,1190,36,047,040200
3534,49083,3534,1427,29.8,1209,36,047,040900
2304,58250,2304,1506,32.5,1971,36,047,041600
3325,51979,3325,1441,40.3,1439,36,047,040000
4222,67262,3964,1690,28.2,2168,36,047,042300
3641,50281,3641,1358,39.2,2022,36,047,042400
2950,74306,2950,1593,31.3,2614,36,047,044200
2658,64950,2658,1773,28.9,2540,36,047,045200
2041,54914,2041,1732,26.5,1847,36,047,046202
2755,57096,2755,1580,40.1,1965,36,047,014200
5314,126250,5303,2420,35.7,4300,36,047,015900
5531,168125,5531,2318,37.0,4857,36,047,016700
3033,107132,2632,2675,37.0,1393,36,047,003100
3496,133536,3476,2249,33.6,2398,36,047,004300
2791,101389,2791,2756,38.5,2047,36,047,005100
3575,142727,3575,2434,35.3,2979,36,047,006900
1860,41354,1860,1457,26.9,575,36,047,117000
2662,61071,2662,1332,32.0,680,36,047,117201
4465,57411,4465,1594,30.9,2279,36,047,117400
3000,41670,3000,1317,32.8,1277,36,047,117602
5495,39848,5495,1330,33.1,299,36,047,122000
4675,43880,4658,1143,43.3,832,36,047,031300
2263,74485,2263,1260,40.3,142,36,047,101400
4658,67716,4658,1488,35.4,2118,36,047,052600
4110,30240,4110,1080,17.0,3821,36,047,053500
3999,101348,3999,3000,30.3,3047,36,047,054900
3296,50726,3296,1387,40.4,2543,36,047,055200
3979,103026,3979,1985,35.6,3417,36,047,059100
4538,63393,4538,1290,25.5,3532,36,047,047800
3883,31918,3883,1486,28.7,2440,36,047,048000
3066,84271,3066,1919,32.5,2330,36,047,048100
5653,55272,5646,1537,33.2,1519,36,047,050600
2529,116705,2529,2706,32.8,2005,36,047,051700
3188,57424,3188,1417,41.3,1130,36,047,051800
4297,65288,4297,1317,34.1,1593,36,047,052000
2740,66513,2740,1352,37.4,1713,36,047,053200
4730,49798,4709,1357,38.8,3864,36,047,054600
3336,34509,3336,1195,33.4,565,36,047,111800
2838,40804,2838,1289,32.7,268,36,047,115800
3687,51964,3681,1739,30.9,901,36,047,040300
3879,53603,3879,1360,43.8,2359,36,047,042800
2708,49931,2708,1700,20.7,2541,36,047,047000
1791,61875,1791,1523,41.7,837,36,047,019800
4373,71417,4373,1628,35.5,498,36,047,029700
3089,47135,3089,1449,25.1,2134,36,047,033500
2782,57708,2782,1308,29.4,1267,36,047,039100
3325,44792,3325,1312,38.4,124,36,047,086800
3787,20098,3787,867,32.8,279,36,047,091600
2235,63750,2235,1386,40.5,162,36,047,101200
1890,40588,1890,1347,32.3,682,36,047,007200
6178,53131,6178,1277,32.8,1668,36,047,010000
3083,65238,3083,1516,40.6,2197,36,047,013800
3988,29665,3880,975,31.4,1273,36,047,028300
5907,37807,5881,1154,28.2,675,36,047,036900
2500,76161,2495,1700,36.1,172,36,047,100600
2235,30216,2235,822,36.9,210,36,047,116000
2913,45903,2913,1261,37.5,708,36,047,119200
3822,42121,3822,1346,39.4,1897,36,047,019600
4578,28793,4578,1553,20.1,4427,36,047,023400
5888,126008,5888,2309,35.4,4879,36,047,014900
1567,73828,1567,1447,50.2,1197,36,047,015000
2678,130417,2602,2011,40.3,2168,36,047,015300
3194,102703,3194,1823,36.6,2294,36,047,016300
3290,37155,3290,1346,39.6,1765,36,047,036200
4695,42083,4384,1338,39.7,2334,36,047,036600
3068,31563,3068,1315,36.8,926,36,047,112000
3970,37472,3970,1137,35.9,181,36,047,113000
1972,58487,1972,1568,34.0,79,36,047,113200
3344,49255,3344,1349,38.2,1328,36,047,117202
5011,56786,5011,1490,34.0,2119,36,047,118400
2727,48836,2727,1497,30.9,1017,36,047,118600
4408,50179,4408,1356,35.3,1396,36,047,118800
4466,41607,4466,1394,25.1,1093,36,047,119400
9595,35466,9525,1312,37.2,967,36,047,120800
4716,21085,4716,466,27.2,691,36,047,121400
3282,76302,3282,1360,36.7,1449,36,047,017200
0,-666666666,0,-666666666,-666666666.0,0,36,047,017500
3668,61250,3668,1410,35.3,1431,36,047,018200
2702,73889,2693,1524,38.5,1659,36,047,018800
4769,44514,4769,1446,20.4,4156,36,047,021600
4795,35815,4795,930,33.3,162,36,047,030300
4787,68011,4787,1406,35.3,1816,36,047,031500
2591,89625,2591,1968,33.1,1954,36,047,050300
5217,131375,5199,3094,32.5,4171,36,047,051900
4098,42401,4098,1393,30.3,2669,36,047,053000
6877,140845,6877,2626,34.3,4674,36,047,055500
1933,90481,1933,2551,33.0,1587,36,047,055700
1580,98393,1580,2152,34.1,1404,36,047,056900
5427,23402,5427,496,34.9,1398,36,047,057200
2410,88571,2410,2137,35.5,1852,36,047,057300
3702,81101,3702,1924,36.8,3002,36,047,057500
2759,52468,2752,1372,37.1,1548,36,047,058200
3541,76968,3541,1499,38.2,2473,36,047,059800
3424,53967,3398,1443,40.7,2595,36,047,060800
1604,73309,1604,1529,51.4,1352,36,047,063200
3021,92171,3021,1554,30.4,2187,36,047,064400
1963,87880,1963,1250,46.1,1380,36,047,065800
2231,105357,2231,1225,43.0,1702,36,047,066000
2888,76648,2888,1606,39.5,770,36,047,067000
2146,90000,2142,1492,36.8,398,36,047,069000
2918,117167,2918,1699,36.0,259,36,047,069200
5410,32063,5394,1122,33.4,168,36,047,035900
3152,22589,3152,1046,56.9,3002,36,047,036001
2830,29350,2830,970,39.5,219,36,047,036100
4716,33021,4716,1073,36.6,224,36,047,036300
2040,50750,2040,1432,30.6,1074,36,047,022600
5406,43964,5406,1452,22.1,4817,36,047,023200
3857,30929,3857,1413,28.8,3820,36,047,023800
2046,61250,2029,1465,37.1,1909,36,047,054800
3221,48542,3221,1566,32.7,843,36,047,037500
2299,39651,2299,1301,38.5,94,36,047,116200
2904,45673,2904,1443,30.3,663,36,047,116600
3169,44132,3144,1361,31.8,854,36,047,040100
4064,39618,4064,1354,30.5,2487,36,047,033100
6103,54688,6103,1515,31.6,1279,36,047,051200
5406,94750,5406,2412,32.4,3861,36,047,051300
5204,53879,5204,1608,30.8,2990,36,047,052300
9155,34583,9155,1751,14.1,8740,36,047,053100
4577,32578,4371,1411,29.7,2945,36,047,053400
2513,21265,2513,1273,30.0,2202,36,047,053900
8529,20541,8529,517,21.7,6321,36,047,054500
2876,80511,2876,1566,41.1,1348,36,047,056600
3045,79018,3045,1637,42.6,1440,36,047,057600
4129,52443,4129,1560,34.2,1938,36,047,058000
5309,82852,5309,1266,45.1,3791,36,047,059402
2309,47083,2309,830,53.8,1870,36,047,059600
2842,64321,2662,1694,50.9,2389,36,047,062200
1966,99861,1966,1754,42.3,1403,36,047,063800
3017,41306,3017,1105,59.5,2925,36,047,035000
0,-666666666,0,-666666666,-666666666.0,0,36,047,066600
3042,23165,3042,1127,45.7,143,36,047,089200
3140,55980,3140,1310,44.4,65,36,047,092800
1802,94904,1788,1384,37.9,58,36,047,101600
2345,97885,2345,1147,39.9,96,36,047,101800
2325,102401,2325,1620,35.7,286,36,047,102000
4154,61360,4154,1263,47.9,200,36,047,107800
3993,17298,3993,449,31.1,260,36,047,110600
6188,18107,6188,400,34.0,659,36,047,038200
2994,62824,2994,1597,32.3,1319,36,047,038900
3389,45708,3389,1304,40.5,1998,36,047,043400
4912,62813,4912,1708,31.8,1287,36,047,043500
5795,58083,5795,1688,30.1,2222,36,047,043700
3706,41250,3706,1511,35.0,1144,36,047,043900
5094,47641,5094,1410,32.0,2250,36,047,044100
4306,67346,4306,1535,34.5,1294,36,047,024900
3008,49821,3008,1419,38.5,740,36,047,025600
3285,53500,3285,1407,42.4,1343,36,047,027800
462,93235,435,2125,34.3,221,36,047,028501
3870,45219,3870,1055,30.2,758,36,047,028900
2927,66726,2927,1413,33.6,744,36,047,029100
5003,101125,5003,1909,35.0,4004,36,047,016900
2377,58870,2377,1390,40.8,1555,36,047,036400
4201,35536,4201,1207,27.8,821,36,047,037300
3746,59630,3746,1615,36.2,1893,36,047,008000
2636,62388,2636,1482,39.5,1514,36,047,008800
5668,45333,5668,1278,33.9,1478,36,047,009200
7012,44538,7012,1375,33.3,1487,36,047,009800
4057,67614,4057,1491,33.7,1551,36,047,010100
2279,39940,2279,1357,43.2,691,36,047,012801
4226,136607,4226,2283,34.4,2763,36,047,013100
3920,145417,3920,2585,36.0,2925,36,047,013500
1979,72083,1979,1338,39.6,1422,36,047,014000
3033,91836,3033,2173,33.9,1976,36,047,014100
0,-666666666,0,-666666666,-666666666.0,0,36,047,017700
3875,95500,3875,1823,38.3,2116,36,047,018100
2249,58750,2249,1425,40.0,1130,36,047,018600
6010,54483,5981,1119,30.4,2311,36,047,019300
5503,46114,5503,946,58.0,5380,36,047,035400
3717,33396,3717,1219,39.4,210,36,047,087401
4657,45543,4657,1290,36.0,88,36,047,088400
3175,35000,3175,1226,44.0,96,36,047,089600
6939,10851,6939,487,31.0,917,36,047,090800
2330,71989,2330,1101,44.5,60,36,047,093400
4230,78256,4230,1567,39.4,53,36,047,095400
1567,89063,1567,1473,32.0,115,36,047,096800
2784,89861,2784,1404,35.5,191,36,047,097000
1850,69010,1850,1709,42.1,179,36,047,099400
2645,67750,2645,1619,37.1,123,36,047,100400
0,-666666666,0,-666666666,-666666666.0,0,36,047,118000
4110,15566,4110,424,33.8,1138,36,047,121000
3615,96111,3606,2040,40.9,1972,36,047,019700
3808,111964,3808,2207,34.5,2065,36,047,020100
5544,91058,5544,1580,37.6,2264,36,047,021500
3738,53438,3738,1359,36.5,1792,36,047,027200
5374,48090,5374,1247,33.7,1097,36,047,035500
1288,37321,1288,1048,29.4,103,36,047,036502
3790,58942,3790,1615,30.2,1704,36,047,039300
1728,64688,1728,1395,42.3,0,36,047,093600
3670,56563,3670,1665,42.4,183,36,047,095800
2873,63265,2616,1532,46.5,437,36,047,097400
1740,89688,1729,1306,37.3,176,36,047,099000
2331,49830,2331,1615,29.3,206,36,047,109800
2812,40703,2812,1300,30.8,435,36,047,115000
2775,37833,2775,1252,32.8,309,36,047,120000
3235,128421,3213,2214,35.5,2191,36,047,016100
1069,104722,812,3264,23.6,432,36,047,016400
1734,87794,1734,1149,45.5,1109,36,047,016800
2408,57292,2408,1503,29.8,2097,36,047,039400
3401,66681,3401,1579,32.7,1053,36,047,031701
3131,22115,3131,530,35.0,156,36,047,028502
3707,60792,3707,1500,39.7,1692,36,047,029800
4196,47750,4196,1352,40.3,1242,36,047,030000
3641,67344,3641,1482,35.4,837,36,047,032300
6685,52693,6685,1376,34.3,511,36,047,032500
6224,37329,6224,1360,33.2,2652,36,047,032900
4711,40809,4711,1237,36.1,908,36,047,033900
3085,37727,3078,1384,33.8,365,36,047,034500
3740,39766,3740,1103,35.1,85,36,047,034700
2872,41862,2872,1419,34.2,660,36,047,009000
3942,38567,3942,1351,32.4,1335,36,047,008200
7555,12492,7555,421,31.3,1100,36,047,008500
0,-666666666,0,-666666666,-666666666.0,0,36,047,008600
3310,47616,3310,1297,35.9,2844,36,047,044400
1645,60500,1645,1372,37.4,1326,36,047,045400
2399,29539,2399,1029,43.3,2032,36,047,046201
2768,57639,2768,1689,18.4,2572,36,047,046400
3918,94232,3903,1745,38.5,2670,36,047,050000
2896,57831,2896,1422,39.9,1223,36,047,077200
3014,68147,3014,1422,39.5,69,36,047,072200
2021,81190,2021,1396,39.3,98,36,047,073400
2704,115250,2704,1839,26.3,2373,36,047,074400
1996,106875,1996,1279,37.4,1664,36,047,075600
4910,56354,4910,1254,38.2,441,36,047,078600
4470,43350,4470,1378,35.1,138,36,047,082400
2208,63750,2208,1301,50.1,30,36,047,083800
5219,40881,5219,1265,55.6,5032,36,047,035602
4238,49761,4227,1443,38.5,3101,36,047,037401
5098,35066,5098,1224,40.9,2934,36,047,037402
2511,116000,2511,1410,44.8,2107,36,047,004400
2245,101806,2245,1835,37.7,1515,36,047,005300
1377,94000,1377,1981,35.4,1023,36,047,011900
2382,93516,2243,1434,44.0,1548,36,047,015200
1863,96538,1863,1232,45.5,1650,36,047,016600
1893,60257,1893,1253,32.6,594,36,047,021100
2856,53099,2856,1399,33.7,928,36,047,012600
2775,50417,2775,1364,34.0,309,36,047,027100
6350,74494,6028,1838,33.9,2871,36,047,030500
4419,142922,4419,1909,32.5,3376,36,047,000501
2570,107425,2570,2239,39.3,2164,36,047,000502
8088,105042,8088,2688,31.2,2988,36,047,001500
3035,46250,3035,927,53.9,2761,36,047,035601
1973,60000,1973,1363,41.8,121,36,047,084600
3140,39219,3140,542,39.0,456,36,047,090200
3288,10916,3288,434,34.0,346,36,047,090600
3965,71611,3965,1528,33.4,2453,36,047,016000
3352,81994,3352,1370,39.4,1752,36,047,018000
1825,107083,1825,2130,32.9,813,36,047,020300
2918,95313,2918,2059,35.0,1489,36,047,020500
2252,60833,2252,1389,27.0,1179,36,047,021400
3962,64091,3962,1199,34.3,979,36,047,021700
2872,62361,2872,1572,25.9,2615,36,047,024200
3829,48000,3816,1595,24.2,3120,36,047,024400
4781,55135,4781,1454,32.4,1176,36,047,026100
4735,43383,4735,1254,34.1,581,36,047,027700
3564,60292,3564,1596,40.9,1554,36,047,028200
3566,45781,3566,1386,36.4,1477,36,047,028800
4118,48297,4118,1332,40.4,2721,36,047,029000
3991,58821,3991,1408,34.5,1098,36,047,026500
3816,44625,3816,1310,36.9,1263,36,047,040600
3800,36007,3800,1285,27.0,3312,36,047,047600
4480,42429,4480,1415,30.5,3708,36,047,054200
3568,65375,3568,1428,35.1,967,36,047,021900
3383,53700,3361,1572,30.8,1472,36,047,025300
2769,70185,2769,1524,38.9,1230,36,047,018400
1623,64167,1623,1770,34.4,723,36,047,018700
4635,44762,4635,1422,36.6,1983,36,047,019000
3787,90279,3787,1726,36.5,2096,36,047,019500
3504,90500,3504,1814,33.3,1976,36,047,019900
4487,164600,4487,3057,33.9,3332,36,047,000900
2284,63333,2284,1164,42.4,11,36,047,086400
3079,51042,3079,1221,40.1,25,36,047,086600
1593,42262,1590,1099,38.6,242,36,047,087600
2217,108250,2217,2266,42.8,1461,36,047,001300
1396,52563,1396,1321,28.9,741,36,047,002000
3775,72759,3775,1450,43.4,2804,36,047,003600
2364,110278,2364,1685,35.4,1569,36,047,003900
4925,143456,4925,2246,35.0,3975,36,047,007500
5146,41313,5146,1465,30.7,2194,36,047,007600
3879,54265,3879,1327,34.9,1817,36,047,008400
3537,71654,3527,1618,38.4,264,36,047,099800
2217,73750,2217,1493,40.5,135,36,047,102200
1691,83523,1687,1663,37.3,67,36,047,102800
3642,140104,3353,2320,37.2,2659,36,047,004100
1666,26181,1666,417,60.2,1316,36,047,005201
4812,41162,4638,1300,39.2,2270,36,047,002200
1681,153606,1681,2866,31.0,1160,36,047,003700
1306,105481,1306,1240,44.4,1134,36,047,004600
1903,108864,1903,1710,36.0,1241,36,047,004700
3645,65511,3645,1517,35.2,2898,36,047,006600
5280,34965,5261,1557,34.9,1388,36,047,007400
5240,51250,5240,1450,32.2,2257,36,047,007800
6267,29264,6267,1252,29.5,3884,36,047,011200
1107,33750,1107,1375,37.7,103,36,047,012000
5143,214732,5143,3439,34.3,3986,36,047,002100
1635,83182,1635,1548,35.4,1063,36,047,003000
3705,137109,3705,2728,33.4,2014,36,047,003300
3330,18388,3330,428,33.6,424,36,047,111000
3428,40900,3428,1362,38.3,374,36,047,112200
3395,30598,3395,1213,36.8,303,36,047,112600
3066,41384,3066,1378,35.5,757,36,047,114600
3080,36655,3080,1314,32.3,278,36,047,115200
3501,47567,3501,1323,37.7,911,36,047,026600
3842,43444,3837,1410,42.5,1947,36,047,026800
1805,73125,1805,1333,36.4,859,36,047,028000
2588,53393,2301,1337,49.2,1418,36,047,029400
4609,51382,4609,1395,25.7,3369,36,047,033300
4341,19363,4335,829,59.7,3551,36,047,036002
4592,68329,4592,1493,32.0,482,36,047,038300
3788,70221,3788,1515,34.1,606,36,047,038500
2261,67054,2261,1431,30.8,2113,36,047,039000
3041,31250,3041,1161,34.2,943,36,047,041100
1640,55625,1640,1775,32.1,1540,36,047,042000
5193,43357,5183,1341,31.5,228,36,047,082000
0,-666666666,0,-666666666,-666666666.0,0,36,047,070203
3104,105684,3104,2226,40.5,2731,36,047,070600
3907,72237,3894,1431,40.1,864,36,047,080000
1733,71389,1733,1500,44.0,2,36,047,084800
3485,51558,3480,1416,35.6,12,36,047,086000
3045,48393,3030,1447,35.8,185,36,047,087200
3414,33965,3414,1385,36.7,597,36,047,011600
2608,93355,2597,2022,33.6,1662,36,047,011700
5756,48832,5756,1290,31.9,1245,36,047,012200
2641,116250,2641,2318,35.5,1841,36,047,012901
3420,130594,3407,2259,34.4,2414,36,047,013900
3848,75984,3848,1776,32.8,2697,36,047,014500
1320,68929,1320,1375,43.7,1161,36,047,014800
2204,74512,2193,1525,43.8,1859,36,047,016200
1576,73300,1576,1439,44.7,507,36,047,065000
3411,63516,3411,1483,44.1,2334,36,047,058800
2194,80272,2194,1814,33.8,1836,36,047,059300
1794,119063,1794,1375,36.1,1489,36,047,064000
1647,94028,1639,1618,47.8,533,36,047,068800
1047,161875,1047,2250,43.1,1034,36,047,075200
3815,58807,3815,1340,35.0,1390,36,047,076400
3620,64327,3620,1419,31.0,583,36,047,077400
5030,64375,5030,1275,37.4,81,36,047,078200
5257,53591,5245,1381,36.7,152,36,047,079000
3338,51307,3338,1270,35.3,480,36,047,079200
1669,36936,1669,1173,40.4,172,36,047,079400
4608,59358,4608,1377,42.7,1633,36,047,030200
1988,46250,1988,1038,49.7,1525,36,047,030800
2427,60926,2427,1401,41.6,1214,36,047,020000
2563,60590,2563,1368,37.0,1373,36,047,017600
4600,24776,4600,472,31.3,837,36,047,018501
1910,94833,1910,1476,40.1,1282,36,047,020200
3253,59375,3253,1236,38.9,966,36,047,020800
3449,30427,3449,1539,19.6,2988,36,047,021800
3841,76591,3841,2073,32.4,1526,36,047,022900
5252,49440,5252,1105,31.4,1772,36,047,023300
4534,78924,4534,1427,33.8,1266,36,047,024500
3534,34728,3534,1104,31.9,765,36,047,025100
5865,21133,5865,522,27.4,1140,36,047,025500
4776,49813,4776,1299,35.6,1584,36,047,026400
3121,67206,3121,1550,36.5,544,36,047,026900
4649,27621,4636,834,28.4,934,36,047,028100
3553,55231,3553,1326,37.9,2068,36,047,028400
3177,75580,3168,1493,44.1,2484,36,047,005400
2819,63720,2819,1614,30.5,1093,36,047,034800
3237,21667,3237,613,32.0,1058,36,047,044900
3568,57260,3568,1262,36.2,1731,36,047,046000
2614,100339,2614,2419,28.7,1620,36,047,048500
4088,43950,4088,1366,33.4,972,36,047,050801
2383,46810,2383,1453,33.7,588,36,047,050803
6068,53134,6068,1277,35.6,1406,36,047,050804
4168,53373,4168,1411,34.0,826,36,047,051001
4608,48295,4608,1357,33.2,733,36,047,051002
5201,51913,5201,1344,32.7,412,36,047,051601
4013,60833,3935,1398,34.5,330,36,047,051602
3394,99526,3394,2034,33.5,2797,36,047,056100
1792,50380,1792,1434,28.6,788,36,047,061003
6371,28649,6371,1233,48.9,5781,36,047,061004
1817,127404,1817,1702,45.0,1766,36,047,062000
3704,76740,3704,1726,39.8,1501,36,047,069601
6168,77461,6168,1338,41.3,4083,36,047,069602
3183,46875,3183,1302,32.5,2652,36,047,076800
4695,55788,4695,1373,35.7,1071,36,047,079601
4650,51528,4650,1314,34.7,652,36,047,079602
2784,78750,2784,1486,36.9,1015,36,047,079801
5683,64231,5683,1499,32.3,1506,36,047,079802
1117,11898,549,319,61.3,123,36,047,080800
2608,33750,2547,779,30.7,66,36,047,092400
1140,74688,1140,1226,54.6,44,36,047,093200
2202,67831,2202,1428,43.9,10,36,047,083600
2317,53954,2317,1403,41.6,24,36,047,085800
2753,39318,2753,1236,33.6,147,36,047,086200
2790,47969,2790,1118,35.7,109,36,047,088000
1614,34427,1614,1247,40.5,95,36,047,089800
2201,24769,2201,586,36.1,122,36,047,091800
2677,17303,2677,1174,39.7,76,36,047,092000
2390,65417,2390,1307,38.1,19,36,047,093800
4431,21162,4431,520,29.8,255,36,047,098200
3761,83292,3761,1462,44.7,87,36,047,094401
2680,75481,2680,1443,32.4,117,36,047,096600
2149,69135,2138,1415,35.1,194,36,047,100800
3495,55720,3495,1411,32.1,519,36,047,116400
2012,60968,2012,1377,33.3,696,36,047,116800
3152,55089,3152,1434,31.5,1493,36,047,118202
2526,41161,2520,1470,26.8,714,36,047,119000
4867,35338,4862,1221,35.6,1127,36,047,119600
1971,37173,1971,1408,34.4,161,36,047,120200
3417,39419,3417,1296,33.7,1054,36,047,039700
2737,54850,2737,1363,39.4,1143,36,047,039800
1670,59500,1670,1563,30.1,354,36,047,040500
0,-666666666,0,-666666666,-666666666.0,0,36,047,040700
2096,49353,2074,1393,36.8,1445,36,047,041000
4282,44632,4282,1212,42.1,1690,36,047,042600
3168,65781,3168,1190,37.2,1875,36,047,041200
3965,44119,3965,1321,33.4,1012,36,047,041300
1763,50787,1763,1383,40.9,1613,36,047,041402
3101,24596,3101,777,36.0,925,36,047,041700
3586,61042,3586,1467,32.6,2483,36,047,042200
5064,55950,5064,1494,28.6,2666,36,047,042700
4678,57163,4678,1309,37.2,2979,36,047,043600
4482,44769,4482,1342,37.8,464,36,047,037700
2038,49026,2038,1345,31.6,1684,36,047,039600
3548,74635,3548,1397,34.8,1159,36,047,040800
3076,41629,3069,1306,29.9,1304,36,047,019200
3889,45602,3889,1270,38.7,1276,36,047,019400
2111,89167,2111,1792,43.9,1476,36,047,020400
4521,108803,4521,1881,37.2,2705,36,047,020700
3315,34703,3315,988,35.7,558,36,047,029300
2462,72188,2462,1654,47.0,2075,36,047,005601
1606,64617,1606,1383,43.4,1209,36,047,005602
3092,49329,3092,1427,37.4,2166,36,047,005800
1253,73542,1253,1825,34.5,822,36,047,005900
3062,74931,3062,1417,46.0,2407,36,047,006400
5253,43729,5253,1318,34.4,979,36,047,009400
5362,44688,5362,1289,35.0,489,36,047,010400
5028,71719,5028,1405,34.0,2641,36,047,013000
2200,52989,2200,1343,33.3,700,36,047,013200
2417,96406,2417,1392,47.0,1657,36,047,020600
4153,41293,4153,1376,37.8,1360,36,047,021000
3943,35104,3943,1371,22.1,3741,36,047,022200
3654,81813,3654,1701,34.3,1271,36,047,022700
4171,38250,4171,1313,18.8,3543,36,047,023000
2749,57768,2749,1292,32.1,1170,36,047,024800
4921,58188,4921,1350,37.8,2081,36,047,025200
2136,65645,2136,1402,30.2,797,36,047,025700
2550,50625,2550,1398,41.4,958,36,047,026200
1849,60919,1849,1469,41.7,43,36,047,094600
5768,20962,5746,634,48.4,2091,36,047,105801
7188,30867,7188,819,46.6,1945,36,047,105804
4530,32286,4530,1048,35.7,156,36,047,110400
4078,51512,3854,1307,25.9,494,36,047,111600
B01003_001E,B19013_001E,B18101_001E,B25064_001E,B01002_001E,B02001_002E,state,county,tract
3755,250001,3755,2655,53.4,3300,36,061,016001
9906,38560,9887,934,37.4,2271,36,061,016200
7380,31955,7091,524,34.8,1510,36,061,018600
3656,71016,3656,1254,37.3,998,36,061,020000
4441,74703,4441,1357,34.4,1504,36,061,020102
3596,58884,3596,1306,36.0,397,36,061,021400
2559,78594,2559,1450,38.2,637,36,061,022102
5772,54464,5772,1231,36.4,1006,36,061,022800
9021,52658,9021,1317,36.0,2935,36,061,022900
1986,29583,1986,1263,31.2,306,36,061,023502
1862,-666666666,1390,-666666666,49.3,602,36,061,024000
1731,195313,1731,3501,33.6,1207,36,061,000900
2852,76894,2852,1629,36.4,692,36,061,019800
7781,49639,7781,1309,36.7,2714,36,061,028300
12654,45833,12654,1273,33.8,3232,36,061,029100
8298,76159,8298,1528,37.6,4345,36,061,029500
6086,55742,6031,1541,32.6,2742,36,061,025500
3450,41723,3394,1194,35.0,1149,36,061,022200
9989,177646,9989,3326,38.4,7662,36,061,031704
3448,141384,3448,2736,31.6,2624,36,061,005200
4597,159495,4597,2376,36.3,3123,36,061,005501
5348,133889,5311,2395,38.0,4515,36,061,006000
4962,186337,4962,2636,33.1,4086,36,061,006100
7463,110522,7463,2434,31.0,5494,36,061,007200
4175,151528,4175,2931,33.8,3239,36,061,007400
2835,28328,2835,689,40.5,455,36,061,000201
182,166359,182,2719,33.6,123,36,061,010900
3689,137993,3689,2602,40.9,3235,36,061,007500
3844,63588,3844,1022,35.0,2256,36,061,008300
4965,55614,4965,934,55.9,3224,36,061,009700
7144,154425,7144,2748,61.4,6280,36,061,010601
110,83750,110,3200,31.8,17,36,061,011300
7920,62833,7920,1366,39.7,5540,36,061,012100
2553,172981,2553,2198,64.8,2509,36,061,012200
13330,105718,13330,2133,41.5,10927,36,061,012600
6800,30125,5498,1172,43.4,2039,36,061,027700
0,-666666666,0,-666666666,-666666666.0,0,36,061,031900
4838,100813,4838,2676,34.6,2951,36,061,011100
1795,141406,1795,2116,49.8,1492,36,061,011402
7529,141797,7529,2381,44.3,6791,36,061,014000
9253,54797,9253,1029,39.2,4334,36,061,015100
2458,58750,2394,1013,38.1,1128,36,061,015602
4941,26307,4356,645,40.9,1939,36,061,016800
8974,132598,8974,2160,42.1,7006,36,061,017300
10756,141978,10234,2066,44.2,9414,36,061,017500
0,-666666666,0,-666666666,-666666666.0,0,36,061,000500
2915,54531,2915,1202,37.1,1909,36,061,003002
6492,137072,6492,2360,44.1,5565,36,061,006300
3684,48750,3684,1384,34.3,1320,36,061,017800
5804,41004,5804,1067,33.2,1749,36,061,018800
3423,34792,3423,1678,20.5,2025,36,061,020300
10465,97236,10465,1762,44.1,6910,36,061,013900
5960,162750,5898,3501,37.5,4361,36,061,014500
3350,191429,3350,3112,33.5,2166,36,061,014700
7800,115760,7668,2633,32.9,6041,36,061,006400
6423,106084,6423,2329,30.0,5222,36,061,006500
20,-666666666,0,-666666666,49.5,0,36,061,029700
2602,58850,2602,1973,36.1,877,36,061,019702
7122,121119,7122,2642,34.2,5088,36,061,012900
6419,164773,6419,3061,39.3,5065,36,061,013700
12201,133103,11785,2378,36.2,10305,36,061,013800
7414,78684,7414,1272,38.7,4775,36,061,015200
1273,135000,1273,3355,33.7,703,36,061,010100
6539,81104,6539,2121,41.9,4505,36,061,012700
2696,117270,2696,2830,36.7,1895,36,061,013100
5679,79896,5679,2088,36.2,3438,36,061,013300
4493,165833,4493,2197,56.8,3977,36,061,014200
4973,146771,4973,2665,48.6,4224,36,061,014900
2126,159125,2126,2268,52.9,1832,36,061,015001
4999,236518,4999,2664,59.5,4603,36,061,015002
13554,86813,13554,2080,36.8,10510,36,061,015400
6822,125938,6811,2203,43.5,6073,36,061,016300
4023,19962,4023,446,36.0,385,36,061,019200
7133,104158,7133,1882,41.1,4798,36,061,019500
8724,83764,8294,1821,29.6,6187,36,061,019900
4950,117625,4950,2020,21.6,3591,36,061,020500
8385,27087,8385,808,38.3,860,36,061,023000
6776,45912,6776,1260,31.1,1906,36,061,023501
7530,44573,7530,935,31.3,466,36,061,023600
8418,121039,8418,2342,41.7,6878,36,061,016900
8974,125932,8974,1862,45.0,8158,36,061,017100
8915,80484,8915,1810,44.8,6507,36,061,017900
8326,28217,8326,705,30.2,1017,36,061,018200
7270,110625,7263,2321,41.3,6086,36,061,018300
10619,70440,10562,1597,38.2,7949,36,061,006600
7677,123195,7677,2413,29.1,5529,36,061,006800
3264,134429,3264,3049,43.5,2207,36,061,008200
1956,142721,1949,3501,31.2,1025,36,061,008400
7133,49777,7133,1316,41.8,1535,36,061,001600
6486,250001,6486,3501,34.8,5370,36,061,002100
6690,42466,6669,1092,39.8,2976,36,061,002800
4639,158900,4639,3225,32.2,3130,36,061,001300
2407,126270,2407,3302,34.5,1429,36,061,012500
1803,145417,1800,2325,21.7,1172,36,061,020101
8965,130000,8965,2770,32.6,5785,36,061,007800
363,145208,363,3117,64.0,294,36,061,011202
3,-666666666,3,-666666666,19.5,1,36,061,014300
4566,21208,4438,593,40.9,805,36,061,017401
3036,61641,3036,1853,28.2,1546,36,061,020701
7822,64682,7822,1473,37.6,6356,36,061,003200
4268,122026,4268,2345,32.5,3279,36,061,014601
6323,178666,6323,2276,45.2,5388,36,061,016500
11803,45867,11803,1476,35.7,3605,36,061,027900
1154,128793,1154,2853,38.5,842,36,061,011203
7258,23703,7258,639,37.3,1233,36,061,018400
7764,32272,7764,641,45.6,2794,36,061,000202
7926,159911,7926,3259,28.4,5889,36,061,001502
1901,83092,1901,2017,32.8,1173,36,061,002202
1431,74844,1431,1121,49.2,247,36,061,002700
2236,121288,2236,2343,37.3,1769,36,061,004700
5202,166602,5202,2831,35.7,4212,36,061,005000
3168,142700,3168,2750,29.2,2555,36,061,009500
7200,126500,7200,2436,42.0,5983,36,061,009800
5580,79519,5580,1245,33.9,1062,36,061,020800
2412,42260,2412,1602,35.0,777,36,061,017402
8534,123191,8530,1891,43.9,6605,36,061,018700
11800,38121,11266,791,40.8,4423,36,061,018900
7581,31461,7581,1002,32.0,459,36,061,021000
10495,52924,10495,1411,35.8,2547,36,061,022500
4962,51853,4822,1211,32.1,935,36,061,024301
7783,21526,7783,537,32.3,789,36,061,024302
7070,86422,7070,1791,39.6,5028,36,061,027300
4090,54688,4090,1508,37.0,2232,36,061,028700
10663,33627,10663,1122,34.8,2177,36,061,030900
0,-666666666,0,-666666666,-666666666.0,0,36,061,031100
2748,31410,2748,1106,40.4,1049,36,061,001402
6471,25900,6442,1005,41.1,2124,36,061,002201
3952,74286,3952,2175,30.3,2519,36,061,003001
2659,197000,2659,2849,25.1,1626,36,061,003100
6410,79452,6410,2132,31.7,4744,36,061,003400
8234,93077,8234,2353,30.0,6418,36,061,004000
3675,45145,3675,933,39.6,1585,36,061,002601
3845,64879,3845,1454,35.6,2616,36,061,002602
3190,48832,3190,1042,36.8,1339,36,061,003601
1015,138295,1011,1147,40.9,686,36,061,004500
2059,145694,2059,2910,38.0,1735,36,061,005502
3783,122208,3783,1486,37.9,2889,36,061,005600
4219,93214,4052,2713,39.2,2155,36,061,006200
6117,151438,6117,2238,39.2,5412,36,061,007700
5013,126053,5013,2484,44.1,4131,36,061,008000
7500,136514,7500,2407,36.3,5644,36,061,009000
1602,126042,1602,2599,36.5,1119,36,061,009200
919,125156,919,2829,52.7,647,36,061,010400
1097,19803,1097,612,62.3,416,36,061,011900
10850,102232,10850,2120,34.8,8000,36,061,013200
12076,97119,12076,1894,39.0,10163,36,061,013400
15959,115597,15959,2358,37.2,14325,36,061,013600
6943,125625,6943,2268,43.7,6117,36,061,014402
3135,161111,3135,2416,40.8,2672,36,061,014801
9755,145606,9755,2176,38.2,8150,36,061,015700
5136,159712,5136,2553,41.4,4422,36,061,015801
6204,120625,6204,2371,40.2,5178,36,061,016100
7286,27818,7286,714,39.6,2536,36,061,016400
3895,16270,3583,624,39.2,994,36,061,019600
8212,35446,8195,871,31.7,2414,36,061,018000
4695,122390,4695,2307,40.0,3570,36,061,018500
3504,64583,3504,973,41.4,758,36,061,019000
9761,45182,9732,1260,38.4,3504,36,061,019300
6517,21379,6517,610,34.1,1118,36,061,019400
4324,58933,4098,1414,46.3,532,36,061,021200
7661,31563,7661,866,30.6,1145,36,061,022400
9161,35597,9161,989,30.5,1213,36,061,023200
3190,39176,3190,1282,35.9,692,36,061,023900
8229,53355,8229,1145,43.2,2632,36,061,024100
8869,37362,8842,1215,35.0,2528,36,061,029300
1455,78036,1455,1136,49.6,1125,36,061,001001
8809,157209,8809,3166,30.3,6419,36,061,000700
1990,101218,1990,2841,33.2,1177,36,061,010300
5202,130625,5202,2565,21.5,3616,36,061,004200
2769,177674,2762,3501,36.5,2349,36,061,005700
7186,160987,7186,2461,38.1,6077,36,061,008700
9609,63523,9609,1505,35.8,4412,36,061,027100
4581,72366,4581,1630,37.1,2102,36,061,030300
3785,84176,3785,1586,41.7,2529,36,061,030700
5372,17926,5372,393,42.8,1156,36,061,001002
7490,50797,7490,1194,38.1,2631,36,061,001800
10240,40300,10240,1245,30.6,4116,36,061,021100
8503,61250,8503,1358,35.7,2439,36,061,021600
6220,16923,6181,560,32.4,888,36,061,021900
7292,43017,7285,1261,33.8,1819,36,061,023700
2735,40645,2735,1075,36.0,958,36,061,025100
2056,39638,2056,1379,24.6,1438,36,061,026700
2579,153281,2527,2547,41.7,2236,36,061,003700
3022,150962,3022,3501,30.2,2186,36,061,008601
4313,168245,4313,3047,57.5,3642,36,061,008603
16684,101736,16684,2293,38.2,12653,36,061,004400
0,-666666666,0,-666666666,-666666666.0,0,36,061,008602
5783,32537,5783,1069,32.1,1860,36,061,017200
6001,46625,6001,1292,35.3,1122,36,061,021303
4469,42832,4469,1297,30.8,740,36,061,021500
8,-666666666,8,-666666666,-666666666.0,8,36,061,021703
5201,52386,5201,1404,36.7,1800,36,061,022700
6901,48045,6889,1389,34.7,1595,36,061,023100
8533,100278,8390,2354,37.5,3851,36,061,023801
3149,100761,1719,2912,49.1,1469,36,061,023802
4658,25273,4615,587,33.1,563,36,061,024200
4637,82609,4637,1663,35.6,1671,36,061,025700
3773,73640,3773,1206,38.6,1056,36,061,025900
4072,20338,4072,686,42.6,1124,36,061,029900
5593,250001,5593,3501,35.3,4153,36,061,031703
8767,127450,8767,2525,41.3,7848,36,061,011800
9342,133942,9342,2427,48.8,7868,36,061,015900
15456,44602,15456,1144,35.2,3712,36,061,024500
4590,16192,4590,443,39.6,915,36,061,002000
6090,184436,6090,1865,38.6,5136,36,061,003900
0,-666666666,0,-666666666,-666666666.0,0,36,061,000100
8051,79382,8051,1408,35.6,2810,36,061,004100
4816,48924,4783,1116,35.8,1421,36,061,022600
8146,78900,8146,1432,34.9,4024,36,061,026500
8864,59784,8799,2056,31.8,5594,36,061,003800
3521,188385,3521,2691,35.1,2464,36,061,005800
7285,115462,7285,2105,44.8,5050,36,061,008800
3056,196472,3056,2439,58.7,2776,36,061,012000
9991,121094,9991,3150,46.8,8442,36,061,015500
6747,44356,6747,1176,34.2,3445,36,061,016600
6303,178750,6303,2279,43.6,5073,36,061,016700
9554,93548,9554,1139,47.7,6771,36,061,018100
3510,30405,3510,881,40.3,481,36,061,020901
3407,27402,3407,1301,33.4,937,36,061,022302
13389,53501,13370,1306,32.5,4627,36,061,025300
9492,96843,9467,1813,45.6,6854,36,061,019100
514,63173,502,3464,35.2,286,36,061,019701
3664,40078,3664,1066,34.2,756,36,061,020600
6865,50608,6865,1231,33.1,1328,36,061,021800
5383,103676,5383,2048,37.3,4178,36,061,008900
5759,128827,5759,3345,32.6,3955,36,061,009900
9731,18650,9578,568,49.0,1287,36,061,000600
8993,34150,8993,996,50.9,1081,36,061,000800
4151,14960,4151,409,41.4,1025,36,061,002400
5508,19973,5508,511,46.4,826,36,061,002500
6365,27247,4899,984,44.4,916,36,061,002900
4635,169679,4470,2673,38.1,3676,36,061,005400
5624,145350,5570,1979,39.8,4619,36,061,007100
824,138235,824,2447,54.4,682,36,061,011201
3331,83712,3312,1728,34.2,2493,36,061,011600
10052,124699,9697,2431,36.4,7685,36,061,012400
3779,133333,3779,2625,33.8,1974,36,061,011500
4242,134606,4242,3005,34.4,2624,36,061,011700
3466,189191,3466,1836,57.4,3203,36,061,013000
8254,63355,8254,1177,38.0,5180,36,061,013500
5018,125066,5018,2383,42.9,4369,36,061,014401
7560,103500,7560,2226,37.8,6883,36,061,014602
6786,123950,6786,2449,37.9,5531,36,061,014802
4519,92578,4512,2299,29.9,2796,36,061,015802
3574,121250,3574,1729,33.9,2747,36,061,016002
141,144063,141,2879,38.3,95,36,061,009600
1768,94938,1768,2698,33.8,1401,36,061,010000
100,128750,100,3250,40.4,64,36,061,010200
4562,151250,4515,2920,36.9,3826,36,061,010602
1137,237639,1137,2070,62.5,1064,36,061,011401
5683,166081,5683,2060,55.5,5128,36,061,012800
10061,168654,10061,2761,41.8,8465,36,061,015300
7677,31692,7677,1073,40.6,3093,36,061,017000
9073,43152,9059,1230,37.4,1850,36,061,026900
3298,103125,3087,1868,42.0,2534,36,061,028100
4379,87384,4379,1364,45.6,4130,36,061,007900
54,-666666666,54,3028,29.8,50,36,061,009400
9192,145529,9160,2203,39.8,7787,36,061,010800
6909,116537,6909,2569,36.7,5694,36,061,011000
4010,50917,3954,1038,45.4,2491,36,061,001200
3166,110972,3166,1167,46.6,2447,36,061,001401
6993,86607,6980,2744,44.1,4461,36,061,001501
3931,74415,3931,2106,35.8,2698,36,061,004300
4410,105000,4410,2213,36.8,3616,36,061,004900
5241,199347,5241,3089,39.0,4145,36,061,003300
3082,90625,3082,1980,34.8,2181,36,061,003602
6249,116897,6189,2002,33.2,4727,36,061,004800
6026,66578,6026,1228,34.0,1607,36,061,022000
8037,46667,8037,1146,31.6,2930,36,061,022301
7014,53861,7014,1457,32.9,2285,36,061,023300
5058,43659,5058,1202,37.4,886,36,061,023400
7680,49508,7680,1307,38.2,2996,36,061,024700
1083,34632,1083,1064,32.1,220,36,061,024900
13220,44271,13220,1194,34.9,3356,36,061,026100
9487,35110,9487,1411,34.4,2189,36,061,026300
3475,102589,3475,1796,45.5,2642,36,061,027500
7997,47939,7969,1286,32.8,1911,36,061,028500
5475,128611,5475,2177,42.8,4696,36,061,005900
5262,102964,5262,2459,36.0,4623,36,061,006700
2523,209722,2517,3211,36.3,2040,36,061,006900
8232,112971,8232,2518,31.7,5817,36,061,007000
5887,101269,5887,2088,37.8,5275,36,061,007300
1991,115139,1991,2885,31.2,871,36,061,007600
7762,132332,7762,1999,38.5,6573,36,061,008100
6247,121183,6247,2097,36.7,4483,36,061,009100
9260,64967,9229,1583,46.4,6301,36,061,009300
9421,88422,9421,1151,44.7,6090,36,061,017700
5324,98718,5319,2425,32.5,3780,36,061,015601
B01003_001E,B19013_001E,B18101_001E,B25064_001E,B01002_001E,B02001_002E,state,county,tract
2358,73529,2358,1449,34.9,1113,36,081,004001
6029,76875,6029,1586,34.0,1935,36,081,005400
6182,72069,6182,1602,43.4,3007,36,081,005800
5185,86164,5185,1774,30.8,3558,36,081,006300
3845,85100,3845,1418,38.4,2506,36,081,008800
3718,95625,3698,1897,33.2,2784,36,081,009700
3963,67031,3963,1416,36.9,267,36,081,010600
8065,53700,8065,1471,36.9,4212,36,081,023500
4157,65625,4157,1717,33.1,88,36,081,028400
6299,50167,6013,1397,42.3,1787,36,081,029100
2272,69145,2257,1619,43.0,48,36,081,038400
7779,55455,7779,1739,27.7,3096,36,081,040100
3902,65817,3902,1673,34.5,1361,36,081,041100
4409,51646,4409,1409,35.0,198,36,081,041400
1302,92656,1296,1351,38.4,9,36,081,043200
5513,52500,5513,1440,38.9,824,36,081,083700
5332,39982,5009,1397,45.4,673,36,081,085700
6461,37364,6450,1439,44.0,953,36,081,086300
2554,39167,2554,935,38.1,264,36,081,087100
3540,103580,3540,-666666666,49.1,3378,36,081,091601
3280,64688,3238,1224,42.6,1462,36,081,094201
4264,95708,4264,1792,44.6,2705,36,081,103300
2877,60521,2877,1541,38.3,384,36,081,010200
4453,80225,4453,1670,34.8,3204,36,081,011300
1382,49242,1382,1408,35.9,557,36,081,011400
2720,58798,2720,1413,39.3,1007,36,081,012602
2372,64954,2372,1544,35.0,1469,36,081,012800
1521,64192,1521,1484,45.8,780,36,081,013000
1970,49239,1970,1396,34.1,613,36,081,014400
1896,67000,1896,1585,41.7,267,36,081,014800
2170,56786,2166,1588,39.0,202,36,081,017600
1081,43750,1081,1518,38.1,544,36,081,017900
2286,69567,2286,1316,38.7,197,36,081,018402
2900,68929,2900,1319,36.4,69,36,081,019600
47,-666666666,47,-666666666,24.0,0,36,081,022900
1968,84091,1968,1646,43.7,951,36,081,023000
3966,76806,3793,1709,46.7,2901,36,081,102900
3014,85246,3014,2130,45.5,2511,36,081,099701
2987,37000,2987,1629,41.1,455,36,081,119100
1997,49327,1991,1691,40.2,452,36,081,119300
4142,120240,4142,3444,43.1,2475,36,081,129102
2318,78125,2318,1942,47.1,906,36,081,140300
4101,78706,4101,1677,35.5,2847,36,081,007500
1157,83158,1157,1323,38.5,6,36,081,026200
4298,64731,4298,1489,39.3,3703,36,081,059300
1731,89528,1731,1369,42.4,30,36,081,059800
1140,86875,1140,2045,48.2,15,36,081,060000
2342,95469,2342,2214,42.1,75,36,081,061601
1370,106776,1370,-666666666,50.3,57,36,081,062000
2760,78917,2760,1550,37.0,2530,36,081,062500
2761,77237,2761,1692,37.9,2480,36,081,063500
5033,95893,5033,1794,36.9,200,36,081,065600
3586,79412,3586,1759,38.0,346,36,081,066000
4091,48580,4074,1370,48.2,1029,36,081,068300
0,-666666666,0,-666666666,-666666666.0,0,36,081,071600
6179,43162,6179,1403,35.6,537,36,081,024000
0,-666666666,0,-666666666,-666666666.0,0,36,081,024600
2965,75809,2960,1518,38.7,91,36,081,019400
773,36250,425,1359,34.3,238,36,081,019900
1205,55815,1205,1600,41.0,729,36,081,020500
0,-666666666,0,-666666666,-666666666.0,0,36,081,010701
2888,83056,2888,1678,34.2,2095,36,081,012301
4201,60269,4201,1615,39.7,2673,36,081,025301
2998,66500,2998,1485,38.9,2106,36,081,025302
10071,37406,10071,964,33.0,453,36,081,025400
4885,47083,4885,1539,38.3,1335,36,081,026901
3527,48534,3479,1367,36.4,649,36,081,026902
2254,85147,2248,1663,38.3,2085,36,081,107201
3144,35948,3144,1312,41.1,259,36,081,044601
3058,54052,3058,1602,38.0,350,36,081,045700
3485,57888,3485,1728,33.5,547,36,081,045900
6124,74394,6124,1501,34.8,2468,36,081,022001
5545,65556,5545,1619,42.0,3167,36,081,024300
2071,80735,2071,1528,30.8,145,36,081,027000
2348,42955,2337,732,35.3,55,36,081,027800
4819,53909,4819,1450,42.8,3243,36,081,028100
3486,78162,3486,1399,35.7,77,36,081,033401
3123,54667,3123,1662,40.2,1062,36,081,034700
6094,83242,6094,1478,41.4,72,36,081,037600
4196,65431,4196,1512,30.9,2232,36,081,039900
4103,68214,4103,1395,38.5,68,36,081,040400
3834,41161,3834,1448,34.0,2284,36,081,043900
1322,76563,1322,1612,43.1,142,36,081,045600
2291,58942,2291,1395,35.3,339,36,081,045800
2471,45901,2471,1418,34.5,410,36,081,036100
1711,55865,1711,1534,37.2,202,36,081,036300
1301,66985,1301,1718,41.9,162,36,081,037100
3691,69583,3691,1686,31.3,954,36,081,037700
6432,68421,6432,1611,31.1,2944,36,081,037900
4867,52000,4867,1804,32.0,1574,36,081,041300
2549,66279,2549,1605,38.2,2200,36,081,062100
5606,70258,5606,1383,34.3,4406,36,081,059100
7682,89526,7682,1815,53.0,7010,36,081,089200
4210,120284,4152,2087,42.9,1467,36,081,157902
2721,65125,2721,1578,34.1,473,36,081,005200
2314,52422,2308,1424,35.4,382,36,081,012000
2999,52200,2931,1455,42.3,563,36,081,055200
1528,65804,1528,1372,45.2,207,36,081,056600
1623,76111,1623,2000,41.1,103,36,081,059000
5982,35560,5982,1303,36.6,2555,36,081,046700
5295,74000,5295,1391,44.8,1167,36,081,047800
1571,72798,1571,1484,40.2,1239,36,081,049500
2763,84077,2763,1435,39.1,20,36,081,051200
3320,63488,3320,1681,42.0,1615,36,081,113900
1712,87188,1712,1734,48.7,1065,36,081,114700
1535,101250,1529,1743,39.0,995,36,081,073100
2852,66964,2852,1583,39.7,285,36,081,015600
7547,29795,7547,618,33.3,2401,36,081,122702
2594,49574,2594,1593,33.5,1213,36,081,008300
10226,50840,10187,1374,44.0,1832,36,081,088901
2578,93793,2578,2012,39.3,658,36,081,145102
2823,87679,2820,1608,38.7,1321,36,081,008600
2767,67045,2577,1666,37.5,927,36,081,014202
2589,87072,2589,1832,35.3,164,36,081,019000
6240,60651,6240,1516,42.7,3714,36,081,025100
2387,46957,2387,1470,41.9,508,36,081,036700
5533,54827,5533,1479,32.9,1739,36,081,040900
1469,107750,1469,3501,47.4,519,36,081,047600
5006,41750,5006,1353,38.7,656,36,081,079702
7045,29571,7045,1562,37.0,205,36,081,084900
1954,29745,1954,1658,36.7,88,36,081,086900
3763,83884,3602,1669,48.3,3447,36,081,093401
4506,88750,4472,1311,46.8,3482,36,081,093402
5793,57639,5544,1548,33.5,1322,36,081,095400
7331,28661,7331,551,28.7,1367,36,081,097203
3682,40833,3116,746,45.4,962,36,081,097204
2684,108009,2684,2341,44.8,1397,36,081,099705
3619,92813,3619,2098,49.2,1917,36,081,099703
7367,73362,7367,2002,52.1,5092,36,081,099704
8666,81250,8484,1400,35.3,1237,36,081,099801
6029,41839,6029,1236,42.1,1813,36,081,099802
2301,83750,2301,1781,34.2,1069,36,081,100801
9077,60294,9065,1431,29.1,3943,36,081,100802
2309,75893,2309,1468,45.7,1270,36,081,108500
3027,89353,3022,1769,49.4,1693,36,081,109300
3226,125625,3226,3501,45.6,2482,36,081,127700
3933,62784,3933,1567,50.2,2618,36,081,129103
4367,81518,4367,1345,47.5,2151,36,081,129104
5083,78047,5083,1769,42.9,1622,36,081,141700
0,-666666666,0,-666666666,-666666666.0,0,36,081,990100
3288,76926,3288,1884,33.4,2341,36,081,007100
3774,64792,3774,1660,33.6,3069,36,081,011700
2985,83750,2985,1637,38.5,2269,36,081,014700
1888,61364,1888,1615,39.1,1068,36,081,029700
6833,53121,6833,1485,39.6,3140,36,081,030902
6014,68750,5999,1702,42.4,4989,36,081,031700
3611,56386,3611,1490,38.0,935,36,081,032700
2612,82614,2612,1545,36.8,48,36,081,032800
3120,72664,3120,1666,33.7,1074,36,081,033700
3061,75048,3050,1567,40.1,35,36,081,039400
3230,51677,3230,1563,31.6,1450,36,081,040500
9272,50993,9272,1602,31.3,2218,36,081,040700
8167,47802,8167,1292,37.8,1552,36,081,046900
2479,68148,2479,1521,44.3,361,36,081,048000
0,-666666666,0,-666666666,-666666666.0,0,36,081,065501
2986,85774,2986,1419,41.9,2662,36,081,065703
4042,106324,4042,1599,44.3,3437,36,081,066501
2522,56587,2522,1593,41.5,2150,36,081,066701
2394,104716,2394,2236,47.7,1662,36,081,067100
5367,86520,5367,1762,43.6,3935,36,081,071303
5825,49896,5825,1629,51.5,3766,36,081,071304
2606,62708,2606,1570,36.7,846,36,081,003400
2077,89050,2071,1997,39.8,1330,36,081,112900
2675,48917,2675,1524,29.9,1608,36,081,055300
2918,75425,2918,1545,37.9,2710,36,081,062700
1792,105833,1792,1926,45.7,1611,36,081,067700
3018,41458,3018,1496,39.3,705,36,081,079900
7018,100352,7018,1603,50.8,5704,36,081,099100
3895,95990,3895,1301,43.8,847,36,081,010000
1740,99375,1740,1302,44.3,69,36,081,060800
2433,71042,2433,1502,37.2,700,36,081,002400
4181,79677,4181,1853,34.6,2893,36,081,005900
2501,68186,2501,1740,42.9,1817,36,081,009100
3869,66445,3869,1593,35.4,2260,36,081,014000
1439,79402,1439,1604,35.7,694,36,081,025500
2913,86071,2908,1566,36.0,185,36,081,035200
7066,49556,7066,1715,29.9,2237,36,081,040300
6386,38587,6176,1439,41.8,1228,36,081,048100
2366,88841,2366,1561,41.1,1911,36,081,052100
1835,106181,1835,1813,47.1,6,36,081,059400
1429,78594,1429,1787,42.2,1347,36,081,063302
3235,85714,3235,1641,39.1,394,36,081,016800
5856,56176,5856,1635,39.0,3871,36,081,016900
0,-666666666,0,-666666666,-666666666.0,0,36,081,017100
2168,62045,2168,1038,34.1,20,36,081,018401
5968,96960,5808,1815,42.6,3624,36,081,073900
0,-666666666,0,-666666666,-666666666.0,0,36,081,062400
3208,72813,3208,1707,39.1,1851,36,081,000200
2899,70667,2899,1700,39.1,1206,36,081,001800
3260,80667,3260,1667,37.6,2528,36,081,051500
2017,61071,2017,1216,38.8,150,36,081,051600
1970,74952,1970,1529,41.2,51,36,081,052600
2361,67857,2361,1577,39.8,676,36,081,055400
1903,85170,1903,1798,39.7,15,36,081,053200
1841,84750,1841,1161,35.9,0,36,081,053800
5221,62394,5221,1557,31.2,4014,36,081,054700
4400,61139,4400,1335,32.2,3723,36,081,055700
1683,95656,1683,2239,46.8,305,36,081,055800
1113,64125,1113,1444,28.0,670,36,081,055900
60,100000,60,-666666666,40.6,43,36,081,056100
1853,60774,1853,1481,36.7,1588,36,081,057900
5021,58156,5021,1435,32.3,4440,36,081,058900
1333,72137,1333,1786,44.7,23,36,081,059600
2094,86000,2094,1451,34.8,1766,36,081,060300
1784,89821,1784,1733,41.5,1499,36,081,065900
4067,47841,3714,1371,46.3,2639,36,081,067900
3833,71630,3833,1592,37.9,1945,36,081,069701
2704,71910,2704,1549,37.8,250,36,081,009800
6682,53779,6682,1620,43.5,2866,36,081,104700
1612,64851,1612,1673,38.8,730,36,081,118100
2748,22721,2735,1021,51.8,209,36,081,120500
1713,66625,1713,1079,41.7,745,36,081,126500
4666,73942,4666,1621,19.9,1823,36,081,126700
1315,116250,1315,1885,42.4,867,36,081,133900
3043,69386,2671,1572,45.5,1611,36,081,146300
8830,142348,8830,3164,33.7,5656,36,081,000100
4230,91350,4230,1674,35.8,1870,36,081,001000
1788,62895,1788,1534,38.4,635,36,081,003200
8458,94420,8458,1712,36.0,2519,36,081,157101
3243,82500,3126,1687,47.6,1919,36,081,150702
1749,62993,1749,-666666666,81.5,1726,36,081,155101
2306,87750,2306,1838,35.3,574,36,081,157102
2535,54911,2535,1701,36.0,692,36,081,046100
1714,92625,1707,1680,28.8,412,36,081,046400
5249,64438,5242,1328,41.1,672,36,081,049200
2309,83512,2309,1626,35.9,1476,36,081,051300
3043,58750,3043,1639,42.4,1292,36,081,069300
0,-666666666,0,-666666666,-666666666.0,0,36,081,107202
1075,74063,1075,1681,52.1,619,36,081,115100
1549,46359,1549,1589,41.3,240,36,081,120100
1554,63125,1554,1500,48.5,368,36,081,120300
0,-666666666,0,-666666666,-666666666.0,0,36,081,121100
4426,65547,4426,1419,40.6,1027,36,081,121500
3490,64744,3490,1816,46.2,1938,36,081,124700
5985,73026,5985,1946,48.1,2253,36,081,136700
40,-666666666,40,-666666666,67.6,40,36,081,138502
3117,82130,3117,1856,49.1,1377,36,081,147100
5113,76750,5113,2075,49.9,2435,36,081,152902
4978,99500,4978,2027,42.9,2656,36,081,161700
3917,55139,3917,1552,38.8,1075,36,081,026500
6205,44191,6205,1404,37.9,4398,36,081,027500
1464,62411,1464,1592,39.8,433,36,081,024700
1545,74453,1545,1496,38.5,750,36,081,025700
2379,51250,2379,1176,29.2,76,36,081,026000
6644,45465,6644,1442,39.3,2569,36,081,026100
6210,61038,6210,1372,42.9,3965,36,081,027900
1759,71850,1759,1314,33.5,0,36,081,028000
6226,64173,6226,1390,41.6,3927,36,081,028700
3580,78142,3580,1616,40.4,1663,36,081,074700
2091,69423,2091,1336,47.2,1394,36,081,077300
1982,89201,1982,1688,42.6,75,36,081,078800
3709,64116,3709,1648,33.9,559,36,081,081400
8248,90151,8184,1644,45.6,7065,36,081,088400
2025,150417,2025,2042,49.9,1984,36,081,092200
6021,68420,5719,1404,38.0,1204,36,081,096400
3170,32316,3170,1165,24.2,487,36,081,097202
1730,90682,1730,1725,52.1,1486,36,081,097300
6016,83802,6016,1595,45.3,4113,36,081,101700
3136,65893,3136,1482,37.6,1276,36,081,000800
4152,66938,4152,1645,38.4,1846,36,081,001400
2644,84750,2644,1449,38.7,863,36,081,001600
3053,76167,3053,1645,45.8,2064,36,081,074100
4356,64387,4356,1313,41.6,2627,36,081,074300
4357,46250,4357,1312,37.8,2833,36,081,074500
5827,62975,5794,1717,36.5,3891,36,081,077904
7196,62682,7196,1156,42.5,3603,36,081,080900
5103,35333,5103,1429,47.9,435,36,081,085300
6199,40745,6199,1361,35.5,500,36,081,046000
5270,57109,5270,1556,40.8,912,36,081,047900
1490,83011,1490,1321,45.3,36,36,081,050600
2188,94545,2188,1574,40.5,1652,36,081,051100
1969,74702,1969,1524,41.1,1653,36,081,051700
1758,88889,1730,2700,39.5,0,36,081,052200
2510,80172,2510,1673,38.1,18,36,081,053000
4528,80554,4528,1502,34.5,3293,36,081,053900
4185,58713,4185,1464,31.4,3355,36,081,054500
2160,68833,2160,1630,37.8,1585,36,081,060100
1965,133015,1952,2404,45.9,4,36,081,061200
1558,108320,1558,2101,49.2,14,36,081,063000
3462,96538,3462,1708,47.3,2966,36,081,063700
3242,89671,3242,1379,43.5,31,36,081,064600
7162,80313,7162,1456,37.5,64,36,081,029400
4828,75529,4747,1479,36.3,335,36,081,030600
6005,71875,6005,1731,38.7,1821,36,081,030903
3594,65714,3594,1358,37.8,1703,36,081,030904
3940,64538,3496,1317,45.5,1091,36,081,035700
0,-666666666,0,-666666666,-666666666.0,0,36,081,038301
0,-666666666,0,-666666666,-666666666.0,0,36,081,038302
2515,105667,2515,1457,41.2,14,36,081,042400
3505,41494,3505,1411,33.4,365,36,081,044400
3409,73000,3409,1459,36.6,2619,36,081,053100
4052,48442,4052,1535,34.2,2313,36,081,041500
488,-666666666,131,-666666666,73.1,223,36,081,042600
1815,100524,1815,1594,36.4,33,36,081,043400
3374,136724,3374,3004,31.4,1681,36,081,001900
2411,83571,2411,1361,33.1,1098,36,081,002600
3382,57782,3382,1412,32.4,1381,36,081,002800
4190,68676,4190,1894,41.0,603,36,081,048500
3199,88158,3199,1547,40.4,526,36,081,049600
4518,53627,4203,1290,36.8,342,36,081,050000
2039,70417,2039,1308,36.7,73,36,081,050800
2464,87721,2464,1848,34.3,1668,36,081,015500
2140,66250,2140,1317,40.3,65,36,081,017200
13280,54678,13280,1050,46.5,260,36,081,033402
2715,68650,2715,1316,38.2,1116,36,081,033900
3242,50977,3242,1667,29.9,632,36,081,036500
2588,69444,2588,1252,40.1,23,36,081,036800
1510,93594,1510,1363,41.9,13,36,081,040000
1737,98173,1717,1190,35.4,0,36,081,040200
5303,73581,5303,1537,36.2,3879,36,081,059500
1246,42083,1246,1472,46.0,393,36,081,056400
1442,114375,1442,1875,49.1,18,36,081,059200
1475,91667,1475,-666666666,43.0,5,36,081,061000
1362,111667,1362,1469,41.7,9,36,081,061400
2742,108295,2742,1688,40.7,53,36,081,063200
1597,87813,1591,1418,41.5,1451,36,081,063301
2239,72576,2239,1250,45.5,1856,36,081,064101
2193,90568,2193,1602,39.7,400,36,081,045000
1204,63681,823,1478,54.2,275,36,081,045200
7012,53295,6695,1524,36.2,475,36,081,046200
3221,67708,3221,1458,42.1,197,36,081,046800
3300,62321,3300,1404,39.8,185,36,081,047000
4309,43099,4309,1624,36.0,510,36,081,047100
3671,63730,3286,1425,46.6,924,36,081,047200
4356,57120,4356,1678,38.7,849,36,081,047300
1584,87250,1514,1360,44.2,116,36,081,048200
3837,58528,3837,1695,40.0,859,36,081,048300
2927,76198,2745,1708,36.1,1943,36,081,049302
1960,78088,1960,1482,42.8,93,36,081,050400
1502,69083,1502,1667,38.3,722,36,081,050500
4537,66771,4530,1472,39.4,128,36,081,054000
4891,70795,4884,1374,42.2,1241,36,081,054200
5999,70000,5971,1515,30.8,4677,36,081,054900
2290,64811,2263,1491,34.5,1716,36,081,055500
3027,75286,3027,1441,34.0,2759,36,081,058100
4430,84507,4430,1988,44.1,2278,36,081,147900
1601,63594,1018,1500,46.8,506,36,081,156700
2079,77778,2079,1650,40.7,3,36,081,051800
1685,76094,1685,1356,43.6,79,36,081,052400
1529,52857,1529,1630,35.2,708,36,081,003000
6079,126935,6079,2223,35.4,3653,36,081,000700
2886,52011,2886,1495,36.8,1548,36,081,007900
860,61630,860,1277,47.3,330,36,081,005500
1666,85962,1666,1533,28.7,435,36,081,004002
1268,62500,1268,1689,45.8,1102,36,081,059900
2890,92792,2871,1257,39.2,2530,36,081,061900
4016,85900,4016,2038,42.3,2449,36,081,105900
3032,66042,3032,1426,46.9,1345,36,081,109900
3319,70050,3319,1349,43.3,270,36,081,010400
3448,60905,3448,1640,34.9,177,36,081,010800
2625,62006,2625,1720,31.9,452,36,081,011800
3928,67933,3928,1552,36.9,1722,36,081,001200
1873,84901,1873,1846,41.7,652,36,081,002000
7367,17411,7367,345,38.3,1172,36,081,002500
0,-666666666,0,-666666666,-666666666.0,0,36,081,003700
1209,107262,1209,1109,45.3,41,36,081,061602
5422,49444,5410,1450,44.0,829,36,081,085900
4392,27766,4392,1598,47.9,446,36,081,086500
4590,43520,4590,825,33.7,1648,36,081,094202
6692,53581,6692,1012,45.2,4842,36,081,094203
2351,91484,2351,1700,45.1,1676,36,081,098100
4492,34583,4492,1137,30.7,3454,36,081,101002
6507,77136,6507,1780,43.6,3853,36,081,103900
6597,73929,6597,1573,36.2,4601,36,081,018300
1391,79063,1391,1319,34.8,134,36,081,018800
3319,70507,3319,1594,33.8,1396,36,081,018900
2090,77463,2090,1736,40.0,180,36,081,019200
3675,61667,3675,1703,38.2,1809,36,081,025900
1682,28929,1682,556,49.2,9,36,081,026600
6710,49320,6710,1394,37.1,3840,36,081,027300
1118,65875,1118,1649,36.2,184,36,081,029300
3624,83547,3624,1403,34.8,1231,36,081,003600
3865,62167,3865,1497,31.8,614,36,081,004401
4726,71882,4726,1679,35.6,2541,36,081,005300
4445,65616,4445,1701,32.5,2093,36,081,005700
3973,78448,3973,1865,33.7,2459,36,081,007300
1393,84438,1385,2024,33.1,782,36,081,008100
2756,74856,2756,1535,35.0,931,36,081,003800
0,-666666666,0,-666666666,-666666666.0,0,36,081,029900
6402,59491,6402,1457,37.5,2382,36,081,026300
8311,54838,8311,1431,38.3,1853,36,081,027100
5028,68611,5028,1640,36.6,217,36,081,028800
5072,76426,4899,1671,27.3,358,36,081,032000
0,-666666666,0,-666666666,-666666666.0,0,36,081,033100
2934,65000,2542,1461,41.8,1620,36,081,043701
6493,41385,6493,1462,35.7,2773,36,081,043702
3751,29081,3751,783,34.6,1461,36,081,044301
4317,49194,4317,1304,34.8,982,36,081,044302
2210,69107,2210,1234,40.9,255,36,081,053401
3129,65481,3129,2120,31.6,1318,36,081,003300
6238,60232,6238,1414,46.2,4525,36,081,006201
7051,50054,7051,1509,36.3,4161,36,081,006202
2133,86343,2133,1388,37.2,1992,36,081,062300
2951,74595,2931,1444,35.6,2311,36,081,062900
2965,62139,2965,1468,42.0,2345,36,081,063900
0,-666666666,0,-666666666,-666666666.0,0,36,081,064102
1656,69583,1656,1634,42.5,1484,36,081,066900
1016,87083,1007,1354,43.7,18,36,081,068200
2041,66513,2041,1530,44.8,1282,36,081,069500
1919,62734,1919,1659,45.1,1107,36,081,070300
2510,61652,2510,1682,36.1,143,36,081,018200
2062,72500,2062,1801,34.6,191,36,081,018600
2678,82813,2678,1319,33.7,453,36,081,020800
3198,61902,3190,1614,34.7,822,36,081,023600
4711,58110,4464,1517,46.0,1814,36,081,024900
2398,67500,2398,1696,36.0,70,36,081,025800
2653,57479,2622,1211,38.3,11,36,081,026400
5894,48005,5869,1413,35.9,1395,36,081,026700
2189,52353,2189,1361,36.2,14,36,081,027200
1571,65938,1571,1545,45.2,0,36,081,027400
8030,49747,8030,1454,39.2,4262,36,081,027700
7207,80122,7197,1697,34.8,152,36,081,033000
4021,44500,4021,1351,46.1,1435,36,081,035100
4202,84153,4195,1581,37.7,182,36,081,035800
2891,67449,2891,1117,41.5,76,36,081,036600
2174,46088,2174,1488,29.8,410,36,081,037300
7004,53958,7004,1518,33.3,3007,36,081,038100
1748,81477,1748,1351,36.8,24,36,081,039800
101,-666666666,101,1700,29.1,27,36,081,005000
3730,90188,3730,1601,41.1,782,36,081,009600
3153,74583,3153,1833,34.4,2236,36,081,011100
2108,83750,2108,1666,39.5,374,36,081,011600
2130,71625,2130,1694,37.1,1659,36,081,012100
1664,79722,1664,1903,35.4,1355,36,081,013700
1917,64487,1917,1712,36.0,1675,36,081,014900
2293,67431,2293,1554,40.5,154,36,081,015400
2324,43173,2324,1459,33.6,426,36,081,021200
7087,68021,7087,1685,38.6,2551,36,081,022002
5178,58457,5178,1666,41.6,3208,36,081,024500
2157,64716,2157,1421,45.8,502,36,081,118900
1988,90500,1988,1450,38.3,102,36,081,053601
4636,92790,4585,1298,40.6,109,36,081,058200
36,67308,36,-666666666,55.2,36,36,081,060701
6111,78873,6111,1455,37.6,4995,36,081,061301
0,-666666666,0,-666666666,-666666666.0,0,36,081,061302
1971,90167,1971,1125,49.9,103,36,081,062200
2474,101979,2474,1344,49.1,1372,36,081,070700
2729,94659,2729,1832,39.7,1417,36,081,070900
1419,105769,1419,1417,41.4,824,36,081,072900
2390,76875,2390,1435,45.3,1906,36,081,077500
2435,88750,2435,1655,37.3,21,36,081,079200
0,-666666666,0,-666666666,-666666666.0,0,36,081,079300
3872,58188,3872,1639,34.2,624,36,081,080301
2038,46111,2038,1288,48.3,367,36,081,086100
2734,65341,2734,1483,37.3,782,36,081,086400
3502,147222,3502,-666666666,47.2,3429,36,081,092800
5148,66745,5148,1765,38.2,2254,36,081,093900
3774,79410,3735,1819,42.3,2201,36,081,094500
2361,78393,2361,1737,40.6,1940,36,081,098700
0,-666666666,0,-666666666,-666666666.0,0,36,081,099900
2530,104688,2524,2255,41.9,1386,36,081,111300
2546,111641,2546,2608,46.8,1267,36,081,114100
2260,52762,2260,1473,36.9,453,36,081,115500
3273,46500,3273,1454,47.0,487,36,081,115700
2130,45583,2130,1611,38.7,325,36,081,118500
2409,43125,2409,1462,41.1,692,36,081,118700
1354,74904,1354,1783,48.5,572,36,081,119500
12144,65131,12144,1224,38.2,4654,36,081,122701
0,-666666666,0,-666666666,-666666666.0,0,36,081,128300
4760,93287,4760,2037,42.3,1624,36,081,138501
3506,82552,3506,1882,48.5,1400,36,081,142900
2303,90833,2303,1480,46.0,848,36,081,143500
1212,72143,1212,2169,46.1,541,36,081,145101
2642,80536,2642,1714,39.7,1575,36,081,146700
5234,63484,5234,1632,31.8,2572,36,081,042700
3828,60350,3828,1554,33.1,74,36,081,044000
4633,40883,4633,1313,33.6,427,36,081,044602
4507,45958,4507,1609,39.1,357,36,081,045400
4097,57804,4097,1526,40.4,589,36,081,115900
1731,49000,1731,1635,43.0,142,36,081,116700
2440,46250,2440,1446,40.7,816,36,081,117100
1585,64219,1585,1384,46.8,256,36,081,119900
3169,81515,3169,1674,44.5,1363,36,081,120700
3514,59738,3514,1730,43.4,1436,36,081,122300
3932,82833,3932,1182,44.9,1831,36,081,130100
3775,94764,3775,1828,45.7,2040,36,081,133300
10028,67545,10028,1781,43.7,2622,36,081,134700
2893,130230,2893,2011,51.1,1930,36,081,148300
4318,76094,4318,1494,49.8,1687,36,081,157903
6458,69710,6458,1543,34.0,2174,36,081,162100
1950,90227,1950,1807,36.7,984,36,081,112300
4346,25387,3819,1473,52.6,623,36,081,116100
9211,36038,8519,1506,47.1,1478,36,081,116300
3244,56612,3114,1684,36.3,630,36,081,125700
1745,102500,1745,1750,43.9,778,36,081,139900
989,90000,978,1320,45.6,336,36,081,140901
3108,92361,3108,1681,50.3,1047,36,081,144100
2957,90938,2957,1862,46.2,615,36,081,144700
6764,89609,6764,1911,50.4,2814,36,081,152901
5301,101250,5301,1432,48.8,1696,36,081,157901
6316,36143,6316,1212,28.8,1383,36,081,103201
1424,46607,1424,1715,30.7,757,36,081,003900
2626,24515,2626,496,32.7,561,36,081,004300
1921,50742,1921,1624,33.3,560,36,081,005100
1729,100208,1715,1456,45.9,1001,36,081,109700
3901,67446,3894,1746,35.7,1275,36,081,124100
3581,85064,3581,1772,40.7,1157,36,081,134100
7129,67086,7129,1717,38.0,2248,36,081,137700
3190,122656,3190,2265,49.7,2016,36,081,150701
8787,85278,7955,1536,45.9,4869,36,081,155102
4358,55405,4358,1610,40.0,2809,36,081,010500
2386,72500,2386,1902,33.9,1816,36,081,009500
3197,60833,3197,1321,31.9,53,36,081,019800
4009,69902,4009,1641,45.4,2114,36,081,021600
0,-666666666,0,-666666666,-666666666.0,0,36,081,021900
4743,48333,4743,1351,34.6,283,36,081,023800
3515,56250,3515,2080,35.5,1679,36,081,032900
2564,49310,2564,1520,38.5,718,36,081,035300
4139,57804,4139,1653,37.1,1636,36,081,037500
2869,56518,2869,1609,32.1,248,36,081,044800
14918,48620,14918,1560,33.7,4260,36,081,045500
4052,58026,4052,1760,35.2,616,36,081,047500
1475,64107,1475,1690,38.6,285,36,081,048900
4162,70179,4162,1971,40.0,2373,36,081,050700
1321,62667,1321,1500,41.4,0,36,081,052800
1294,57708,1294,1590,34.2,930,36,081,053500
1453,66607,1453,1675,36.5,554,36,081,090700
0,-666666666,0,-666666666,-666666666.0,0,36,081,091602
5503,52181,4945,1546,46.5,1533,36,081,091900
2234,60625,2234,1560,40.7,901,36,081,094700
4191,33571,4075,1006,31.7,1250,36,081,099200
3422,72587,3422,1708,32.4,2609,36,081,006501
3587,84211,3587,1766,32.6,2304,36,081,006502
915,47946,909,1665,33.7,477,36,081,008500
1777,77734,1777,1738,38.7,1274,36,081,012500
3507,71659,3507,1669,35.8,191,36,081,015801
4925,79444,4925,1491,38.4,298,36,081,015802
3576,57872,3576,1503,37.7,2172,36,081,018101
3449,66304,3449,1559,39.3,2458,36,081,018102
3318,63889,3318,1442,38.1,2144,36,081,018501
3679,67353,3679,1699,40.3,2491,36,081,018502
4377,54524,4377,1435,35.8,526,36,081,004200
3456,79688,3456,925,47.3,2089,36,081,004500
3743,32319,3743,831,33.7,1732,36,081,004700
5574,63775,5574,1707,36.4,3781,36,081,006100
1798,88167,1798,2299,31.3,924,36,081,007700
4018,68490,4018,1645,37.1,3055,36,081,010300
1428,68452,1419,1734,34.3,1099,36,081,011900
1500,68047,1500,1569,45.9,1397,36,081,013500
1945,75391,1945,1533,40.9,1528,36,081,013600
1783,69453,1783,1689,30.8,1163,36,081,014100
2289,68375,2289,1710,36.6,1888,36,081,014500
2281,61080,2281,1740,33.6,1287,36,081,016100
3504,21711,3504,496,48.0,1798,36,081,016300
1210,68700,1210,1663,39.5,192,36,081,018000
2002,70256,2002,1422,36.4,304,36,081,020600
5599,73036,5255,1509,38.5,1010,36,081,023200
2909,72833,2909,1602,31.6,1143,36,081,012601
2183,63611,2183,1654,34.5,1313,36,081,013200
3627,64545,3352,1747,36.0,2195,36,081,006900
11565,36469,10358,1018,32.4,4908,36,081,101001
8076,54877,7794,1668,25.9,5728,36,081,103202
4727,63266,4727,1417,45.8,2123,36,081,117500
3965,78505,3953,1643,34.5,153,36,081,016400
2513,79492,2513,1792,33.7,1738,36,081,011500
2434,70238,2434,1568,34.1,1920,36,081,015100
2820,60375,2820,1728,31.8,447,36,081,015200
2365,72917,2365,1765,36.6,220,36,081,017800
1728,66797,1728,1255,30.2,50,36,081,020200
2513,57727,2513,1638,34.6,149,36,081,020400
1764,70875,1764,1629,48.1,1488,36,081,065702
5300,92292,5300,1727,37.1,52,36,081,068000
4672,63202,4672,1225,50.2,3210,36,081,072100
3330,78178,3330,1348,39.2,2135,36,081,077903
962,61429,962,2038,38.3,149,36,081,084602
4011,56364,3998,1343,36.3,403,36,081,016600
2610,74844,2601,1375,42.7,160,36,081,015000
1976,64621,1976,1789,34.6,1210,36,081,015300
1294,65208,1294,1588,34.3,610,36,081,015700
2665,64000,2665,1686,37.5,208,36,081,017000
2952,101786,2952,1743,46.7,753,36,081,140902
2903,79083,2903,1826,46.6,1547,36,081,145900
4194,69148,4194,1323,38.2,3598,36,081,057700
2288,70500,2288,1554,35.8,1657,36,081,052500
2236,74958,2236,1520,42.9,474,36,081,055600
1380,79514,1380,-666666666,49.4,11,36,081,060600
3641,120795,3628,1623,39.2,190,36,081,063800
3396,90580,3384,1448,35.7,275,36,081,065400
2650,103487,2650,1729,49.2,2108,36,081,066300
4638,63602,4638,1472,46.0,1917,36,081,068700
3681,81477,3643,1822,35.6,169,36,081,069400
2813,89773,2813,1709,42.1,75,36,081,065000
6400,84621,6321,1672,42.3,3810,36,081,071100
4127,81366,4127,1788,41.9,2207,36,081,076901
2526,75139,2526,1283,45.9,1523,36,081,077905
3440,65039,3440,1531,44.0,995,36,081,080302
5096,29884,5079,1118,47.7,615,36,081,084500
3855,51644,3855,1622,39.0,963,36,081,046300
3539,49706,3539,1548,34.3,923,36,081,046500
1933,72438,1933,1686,37.8,1355,36,081,073700
4879,82170,4879,1607,30.0,4034,36,081,077902
2895,67375,2895,1641,37.4,1565,36,081,018700
7405,57802,7405,1547,36.7,749,36,081,021400
3548,79712,3548,1630,37.3,2656,36,081,058300
3602,60448,3602,1627,37.7,590,36,081,046600
1399,71500,1399,1521,34.6,13,36,081,050202
1716,74875,1716,1461,38.8,467,36,081,056000
3690,77407,3690,1678,34.8,1406,36,081,000600
4277,67689,4277,1424,34.1,1283,36,081,014201
5313,57058,5313,1599,36.7,1179,36,081,049900
5117,78213,5117,2060,40.9,2881,36,081,071305
6596,78591,6596,1786,37.0,3343,36,081,071306
5026,62857,5026,1489,47.2,2890,36,081,071701
3803,50844,3803,1433,46.3,1261,36,081,071702
2006,110417,2006,3107,50.3,1177,36,081,072300
1505,158958,1499,3083,42.9,1136,36,081,074900
5139,86750,5139,1856,46.1,2954,36,081,075701
4545,95065,4367,1701,43.5,2860,36,081,075702
3507,62389,3479,1368,42.2,2164,36,081,077906
3278,52716,3278,1587,24.5,2785,36,081,077907
3797,52567,3797,1642,30.1,1763,36,081,077908
6807,33071,6807,1364,45.4,648,36,081,079701
1533,64375,1533,1313,34.5,26,36,081,027600
1950,75278,1950,1595,38.6,50,36,081,028200
7601,65042,7601,1578,40.0,4616,36,081,028300
4911,57032,4911,1359,44.5,2823,36,081,028500
5180,65843,5180,1617,39.6,2442,36,081,028900
1758,101042,1758,1859,44.1,1062,36,081,113300
3233,74056,3233,1452,37.9,555,36,081,011000
2104,53229,2084,1326,44.4,628,36,081,011200
3398,68125,3398,1284,31.3,973,36,081,012200
3040,70625,3040,1459,33.2,928,36,081,012400
5103,62449,5103,1579,38.2,3034,36,081,013400
3759,67522,3759,1529,35.4,1508,36,081,013800
3870,67278,3870,1610,34.6,2595,36,081,014300
3752,49351,3752,1546,36.0,2702,36,081,015900
2072,74798,2072,1675,40.2,1200,36,081,064500
1545,83333,1545,1685,46.6,1400,36,081,066100
9252,85463,9252,1743,37.5,454,36,081,066400
3499,78674,3499,1811,37.7,97,36,081,069000
3436,80452,3426,1763,48.2,1793,36,081,069702
2287,39878,2287,1643,46.8,1486,36,081,071900
1251,67292,1245,1740,39.7,805,36,081,076902
2864,71250,2864,1506,35.8,67,36,081,079000
4547,57482,4547,1706,38.2,658,36,081,081800
5617,98079,5603,1593,41.1,1707,36,081,083800
6399,65250,6399,1511,40.5,782,36,081,084000
12,-666666666,12,-666666666,71.3,12,36,081,091800
3926,51250,3918,1529,37.2,1207,36,081,092500
4470,26542,4470,550,28.7,1427,36,081,008700
2810,58030,2810,1462,37.3,415,36,081,009400
0,-666666666,0,-666666666,-666666666.0,0,36,081,009900
2461,75903,2443,1732,34.9,1977,36,081,010100
3537,68605,3537,1561,41.6,1996,36,081,029500
3724,80972,3716,1341,37.3,178,36,081,058000
2309,68700,2309,1646,40.8,289,36,081,054800
3017,84489,3017,1598,40.2,753,36,081,084601
6531,55234,6522,1636,34.4,2285,36,081,092900
5024,49398,4276,1293,54.9,3884,36,081,093800
6936,37162,6899,1278,41.2,1027,36,081,085500
2455,72731,2455,1541,41.2,312,36,081,017400
5235,83148,5235,1523,38.8,325,36,081,048400
2116,72933,2116,1639,40.4,1112,36,081,049301
3054,72554,3054,1497,36.3,1411,36,081,049700
1503,82917,1503,1934,35.6,31,36,081,050201
1720,89531,1720,1737,38.4,114,36,081,051000
1394,70795,1377,1684,43.5,37,36,081,052000
4334,59844,4334,1440,33.8,3399,36,081,055100
1803,99250,1803,1458,37.9,542,36,081,056200
1410,68259,1410,1675,39.5,1071,36,081,056500
5143,95485,5143,1674,39.6,3835,36,081,056700
4876,82313,4852,1419,38.6,290,36,081,056800
4243,77083,4233,1537,35.6,3296,36,081,058500
3535,62539,3535,1465,37.5,3042,36,081,058700
1801,77396,1801,1321,41.2,76,36,081,061800
2846,89231,2846,2036,40.8,53,36,081,062600
4583,59423,4583,1554,34.6,1527,36,081,000400
2231,76042,2217,1510,40.4,1036,36,081,002200
986,60192,986,1560,38.5,434,36,081,003100
B01003_001E,B19013_001E,B18101_001E,B25064_001E,B01002_001E,B02001_002E,state,county,tract
6131,74014,6131,1178,41.6,5654,36,085,024401
4654,94722,4654,1159,40.0,4431,36,085,024402
5843,90595,5843,1669,41.2,4139,36,085,027705
3520,81458,3520,1385,39.6,2197,36,085,027706
0,-666666666,0,-666666666,-666666666.0,0,36,085,990100
4598,105313,4598,1384,44.5,4288,36,085,017009
5372,41215,5372,1175,31.7,2829,36,085,020700
7115,114000,7115,1145,38.8,6426,36,085,020803
2571,64688,2571,1208,30.0,1121,36,085,022300
2781,62448,2774,1367,31.3,1391,36,085,024700
6310,110052,6310,1674,43.8,5304,36,085,025100
7331,87438,7331,1757,38.1,5219,36,085,029104
2712,76450,2712,1390,38.1,2266,36,085,004700
4118,79318,4107,1308,41.5,2762,36,085,005000
4782,76597,4715,1040,38.7,3380,36,085,007400
4222,72262,3923,1106,47.8,3489,36,085,009601
3262,85051,3262,1299,41.9,2678,36,085,009602
3823,88713,3823,1574,47.3,3536,36,085,012200
5604,84375,5604,1614,47.3,4847,36,085,013203
6423,102701,6407,1352,43.3,5937,36,085,015601
3402,45359,3402,1261,33.9,1194,36,085,001100
4802,41500,4416,800,42.7,1828,36,085,008100
6985,102569,6985,1631,43.2,5970,36,085,014604
6174,99716,6174,1869,44.4,5915,36,085,014606
5255,104487,5255,1124,42.6,4717,36,085,017005
2282,31938,2282,517,42.5,1158,36,085,017300
4770,116125,4770,1420,43.6,4568,36,085,017600
9166,91285,9166,1729,38.9,8822,36,085,020801
2495,106250,2495,1228,44.8,2206,36,085,006700
2591,77717,2591,1433,43.8,2513,36,085,012805
5574,55232,5574,1281,43.7,4254,36,085,012806
4552,80833,4552,1682,44.2,3898,36,085,014607
3848,92500,3848,1897,39.5,3702,36,085,014608
4627,93977,4627,1204,41.6,4461,36,085,017011
4444,86250,4444,1051,43.3,4136,36,085,017012
3068,125481,2878,-666666666,54.3,2756,36,085,018100
6538,109150,6538,1334,43.6,5869,36,085,019800
12,-666666666,12,-666666666,60.5,12,36,085,022800
3058,71295,3058,1434,41.5,2615,36,085,005900
3989,52531,3438,1384,39.0,2492,36,085,007500
4232,64471,4232,1455,39.7,1982,36,085,009700
3496,87083,3496,1678,45.0,3186,36,085,011402
3205,105185,3205,1758,41.0,2626,36,085,012100
3463,96000,3393,1690,41.6,2836,36,085,002002
1808,101161,1796,1455,44.5,1405,36,085,018701
7703,104207,6925,1403,47.4,4398,36,085,018702
5421,69424,5421,1297,43.9,4165,36,085,018901
5082,64527,5031,1549,34.4,3336,36,085,021300
8505,99810,8476,1330,39.3,7719,36,085,022600
4927,74202,4913,1660,33.9,2466,36,085,023100
5167,37500,5167,766,29.0,1548,36,085,031902
1497,87000,1497,997,44.8,1318,36,085,013201
2213,70341,2213,1322,42.5,1185,36,085,014100
2351,63750,2351,836,54.8,1641,36,085,000600
603,64464,463,1938,29.4,453,36,085,001800
3674,93906,3674,1275,39.9,1866,36,085,003300
9011,69493,8741,1431,38.8,6747,36,085,007000
4358,70064,4343,1155,44.3,2469,36,085,010500
6045,69921,6045,1626,41.7,5367,36,085,011201
3342,111571,3342,-666666666,44.3,3246,36,085,015602
6246,105938,6246,1414,46.3,5522,36,085,017700
3913,74069,3913,1492,45.7,2767,36,085,027301
4555,103866,4555,1444,42.0,3587,36,085,027704
1138,71250,1138,1367,43.1,455,36,085,032300
12897,33978,12866,923,33.3,3555,36,085,004000
4001,76964,4001,1397,39.1,3476,36,085,012804
2985,43021,2985,1377,30.5,1242,36,085,013302
0,-666666666,0,-666666666,-666666666.0,0,36,085,015400
3114,77625,3114,1614,42.0,2672,36,085,016901
5561,84613,5561,1182,36.4,4345,36,085,017007
3755,83900,3743,1322,34.4,3125,36,085,027302
6913,76853,6913,1541,40.7,5246,36,085,027702
2203,101895,1753,1159,54.4,1973,36,085,027900
6504,79865,6504,1886,33.8,3623,36,085,030302
3970,108261,3970,1249,46.6,3759,36,085,014605
7608,99375,7608,1325,40.4,7187,36,085,017008
2657,74958,2657,1649,37.8,1693,36,085,003600
5479,80669,5479,1385,33.8,3845,36,085,011202
8588,92520,8588,1089,39.6,6586,36,085,029103
1356,54138,1356,1497,32.8,621,36,085,007700
9215,80451,9215,1138,37.5,8371,36,085,017010
2725,9939,2725,386,29.6,815,36,085,031901
1425,41750,1401,1321,41.2,663,36,085,001700
1255,10495,1255,386,30.4,371,36,085,013301
5199,96661,5199,1428,36.6,4461,36,085,015100
4750,87292,4732,2011,40.1,4596,36,085,015603
5378,93462,5371,1561,35.7,3484,36,085,018902
3441,97708,3441,1349,38.0,2423,36,085,020100
2974,74720,2974,1714,39.1,2206,36,085,029102
5110,76641,5093,1401,34.7,2959,36,085,030301
5433,71275,5433,1332,38.2,3404,36,085,000800
2424,69583,2424,1509,35.2,1620,36,085,003900
2952,79107,2952,1380,35.3,2211,36,085,012500
4134,86290,4134,1573,43.1,3606,36,085,013400
2721,81377,2721,1379,37.1,2056,36,085,002001
3326,52917,3326,559,36.2,2281,36,085,006400
2913,41818,2913,320,39.8,1670,36,085,011401
4793,84722,4793,1461,43.3,4634,36,085,013204
6054,86223,6028,1623,49.6,5551,36,085,013800
3301,101349,3301,1490,47.4,2995,36,085,014700
1827,101429,1827,1750,43.2,1648,36,085,019700
5916,97700,5916,1181,44.2,5310,36,085,020804
3765,68589,3746,1023,33.8,2137,36,085,023900
4985,79460,4964,1399,38.6,4697,36,085,024800
4061,56146,4061,1446,33.1,1912,36,085,002100
5182,35427,5182,942,32.9,1898,36,085,000700
1967,77917,1967,1255,40.3,1144,36,085,000300
1826,53523,1826,1241,32.9,620,36,085,000900
2025,31087,1436,1412,41.2,934,36,085,002700
4674,23657,4674,527,33.6,1364,36,085,002900
